Game,Winner,Moves,FinalScore
1,B,61,"FinalCount => B:14, W:11"
2,B,52,"FinalCount => B:13, W:12"
3,W,63,"FinalCount => B:12, W:13"
4,W,66,"FinalCount => B:12, W:13"
5,B,68,"FinalCount => B:13, W:12"
6,W,66,"FinalCount => B:12, W:13"
7,W,63,"FinalCount => B:12, W:13"
8,B,56,"FinalCount => B:13, W:12"
9,B,59,"FinalCount => B:13, W:12"
10,W,66,"FinalCount => B:12, W:13"
11,W,63,"FinalCount => B:12, W:13"
12,W,62,"FinalCount => B:11, W:14"
13,W,66,"FinalCount => B:12, W:13"
14,B,59,"FinalCount => B:13, W:12"
15,W,66,"FinalCount => B:12, W:13"
16,B,59,"FinalCount => B:13, W:12"
17,B,59,"FinalCount => B:13, W:12"
18,W,63,"FinalCount => B:12, W:13"
19,W,66,"FinalCount => B:12, W:13"
20,B,52,"FinalCount => B:13, W:12"
21,B,68,"FinalCount => B:13, W:12"
22,W,62,"FinalCount => B:11, W:14"
23,W,62,"FinalCount => B:10, W:15"
24,W,62,"FinalCount => B:10, W:15"
25,W,63,"FinalCount => B:12, W:13"
26,B,56,"FinalCount => B:13, W:12"
27,B,59,"FinalCount => B:13, W:12"
28,B,59,"FinalCount => B:13, W:12"
29,B,59,"FinalCount => B:13, W:12"
30,W,63,"FinalCount => B:12, W:13"
31,W,66,"FinalCount => B:12, W:13"
32,W,66,"FinalCount => B:12, W:13"
33,B,61,"FinalCount => B:15, W:10"
34,B,61,"FinalCount => B:15, W:10"
35,B,59,"FinalCount => B:13, W:12"
36,W,63,"FinalCount => B:12, W:13"
37,B,59,"FinalCount => B:13, W:12"
38,W,63,"FinalCount => B:12, W:13"
39,W,62,"FinalCount => B:10, W:15"
40,B,59,"FinalCount => B:13, W:12"
41,B,68,"FinalCount => B:13, W:12"
42,B,68,"FinalCount => B:13, W:12"
43,B,59,"FinalCount => B:13, W:12"
44,B,59,"FinalCount => B:13, W:12"
45,W,66,"FinalCount => B:12, W:13"
46,B,59,"FinalCount => B:15, W:10"
47,B,59,"FinalCount => B:13, W:12"
48,B,59,"FinalCount => B:13, W:12"
49,W,66,"FinalCount => B:12, W:13"
50,W,63,"FinalCount => B:12, W:13"
51,W,63,"FinalCount => B:12, W:13"
52,B,61,"FinalCount => B:14, W:11"
53,B,61,"FinalCount => B:14, W:11"
54,W,66,"FinalCount => B:12, W:13"
55,W,66,"FinalCount => B:12, W:13"
56,B,59,"FinalCount => B:13, W:12"
57,W,66,"FinalCount => B:12, W:13"
58,B,59,"FinalCount => B:13, W:12"
59,W,63,"FinalCount => B:12, W:13"
60,W,66,"FinalCount => B:12, W:13"
61,B,59,"FinalCount => B:13, W:12"
62,B,59,"FinalCount => B:13, W:12"
63,W,66,"FinalCount => B:12, W:13"
64,B,59,"FinalCount => B:15, W:10"
65,W,66,"FinalCount => B:12, W:13"
66,W,62,"FinalCount => B:11, W:14"
67,W,62,"FinalCount => B:11, W:14"
68,B,59,"FinalCount => B:13, W:12"
69,B,61,"FinalCount => B:14, W:11"
70,W,63,"FinalCount => B:12, W:13"
71,B,59,"FinalCount => B:13, W:12"
72,B,68,"FinalCount => B:13, W:12"
73,B,59,"FinalCount => B:13, W:12"
74,B,52,"FinalCount => B:13, W:12"
75,B,52,"FinalCount => B:13, W:12"
76,W,63,"FinalCount => B:12, W:13"
77,B,59,"FinalCount => B:13, W:12"
78,B,61,"FinalCount => B:15, W:10"
79,B,59,"FinalCount => B:13, W:12"
80,B,59,"FinalCount => B:13, W:12"
81,W,66,"FinalCount => B:12, W:13"
82,W,66,"FinalCount => B:12, W:13"
83,W,63,"FinalCount => B:12, W:13"
84,W,66,"FinalCount => B:12, W:13"
85,B,55,"FinalCount => B:14, W:11"
86,B,59,"FinalCount => B:15, W:10"
87,B,61,"FinalCount => B:15, W:10"
88,W,66,"FinalCount => B:12, W:13"
89,B,68,"FinalCount => B:13, W:12"
90,B,68,"FinalCount => B:13, W:12"
91,B,59,"FinalCount => B:13, W:12"
92,B,68,"FinalCount => B:13, W:12"
93,W,66,"FinalCount => B:12, W:13"
94,B,61,"FinalCount => B:15, W:10"
95,W,66,"FinalCount => B:12, W:13"
96,B,61,"FinalCount => B:14, W:11"
97,B,59,"FinalCount => B:13, W:12"
98,B,59,"FinalCount => B:13, W:12"
99,B,61,"FinalCount => B:15, W:10"
100,W,63,"FinalCount => B:12, W:13"
101,W,63,"FinalCount => B:12, W:13"
102,B,61,"FinalCount => B:14, W:11"
103,B,59,"FinalCount => B:15, W:10"
104,B,59,"FinalCount => B:13, W:12"
105,W,66,"FinalCount => B:12, W:13"
106,B,61,"FinalCount => B:14, W:11"
107,W,66,"FinalCount => B:12, W:13"
108,B,68,"FinalCount => B:13, W:12"
109,B,61,"FinalCount => B:14, W:11"
110,B,61,"FinalCount => B:14, W:11"
111,W,63,"FinalCount => B:12, W:13"
112,B,68,"FinalCount => B:13, W:12"
113,W,66,"FinalCount => B:12, W:13"
114,B,55,"FinalCount => B:14, W:11"
115,W,63,"FinalCount => B:12, W:13"
116,B,59,"FinalCount => B:13, W:12"
117,B,59,"FinalCount => B:13, W:12"
118,B,59,"FinalCount => B:13, W:12"
119,W,66,"FinalCount => B:12, W:13"
120,W,63,"FinalCount => B:12, W:13"
121,W,63,"FinalCount => B:12, W:13"
122,W,62,"FinalCount => B:10, W:15"
123,B,68,"FinalCount => B:13, W:12"
124,B,55,"FinalCount => B:14, W:11"
125,B,68,"FinalCount => B:13, W:12"
126,W,63,"FinalCount => B:12, W:13"
127,W,66,"FinalCount => B:12, W:13"
128,W,66,"FinalCount => B:12, W:13"
129,B,59,"FinalCount => B:13, W:12"
130,B,68,"FinalCount => B:13, W:12"
131,B,56,"FinalCount => B:13, W:12"
132,B,61,"FinalCount => B:14, W:11"
133,B,52,"FinalCount => B:13, W:12"
134,B,55,"FinalCount => B:14, W:11"
135,B,61,"FinalCount => B:14, W:11"
136,B,59,"FinalCount => B:13, W:12"
137,B,59,"FinalCount => B:13, W:12"
138,W,63,"FinalCount => B:12, W:13"
139,W,66,"FinalCount => B:12, W:13"
140,W,62,"FinalCount => B:11, W:14"
141,W,66,"FinalCount => B:12, W:13"
142,B,59,"FinalCount => B:15, W:10"
143,W,62,"FinalCount => B:11, W:14"
144,B,68,"FinalCount => B:13, W:12"
145,B,52,"FinalCount => B:13, W:12"
146,B,56,"FinalCount => B:13, W:12"
147,B,59,"FinalCount => B:13, W:12"
148,W,63,"FinalCount => B:12, W:13"
149,W,63,"FinalCount => B:12, W:13"
150,B,55,"FinalCount => B:14, W:11"
151,W,63,"FinalCount => B:12, W:13"
152,B,59,"FinalCount => B:13, W:12"
153,W,66,"FinalCount => B:12, W:13"
154,B,59,"FinalCount => B:15, W:10"
155,B,59,"FinalCount => B:13, W:12"
156,B,68,"FinalCount => B:13, W:12"
157,B,59,"FinalCount => B:15, W:10"
158,B,59,"FinalCount => B:15, W:10"
159,B,61,"FinalCount => B:15, W:10"
160,B,59,"FinalCount => B:13, W:12"
161,B,68,"FinalCount => B:13, W:12"
162,W,63,"FinalCount => B:12, W:13"
163,B,59,"FinalCount => B:13, W:12"
164,B,52,"FinalCount => B:13, W:12"
165,W,66,"FinalCount => B:12, W:13"
166,B,59,"FinalCount => B:13, W:12"
167,B,61,"FinalCount => B:15, W:10"
168,W,66,"FinalCount => B:12, W:13"
169,B,59,"FinalCount => B:13, W:12"
170,B,68,"FinalCount => B:13, W:12"
171,W,63,"FinalCount => B:12, W:13"
172,B,56,"FinalCount => B:13, W:12"
173,B,56,"FinalCount => B:13, W:12"
174,B,61,"FinalCount => B:15, W:10"
175,W,66,"FinalCount => B:12, W:13"
176,W,62,"FinalCount => B:11, W:14"
177,B,52,"FinalCount => B:13, W:12"
178,B,59,"FinalCount => B:13, W:12"
179,B,59,"FinalCount => B:13, W:12"
180,B,59,"FinalCount => B:13, W:12"
181,W,62,"FinalCount => B:11, W:14"
182,W,63,"FinalCount => B:12, W:13"
183,B,55,"FinalCount => B:14, W:11"
184,B,68,"FinalCount => B:13, W:12"
185,B,61,"FinalCount => B:15, W:10"
186,W,62,"FinalCount => B:11, W:14"
187,B,59,"FinalCount => B:13, W:12"
188,W,66,"FinalCount => B:12, W:13"
189,W,66,"FinalCount => B:12, W:13"
190,W,66,"FinalCount => B:12, W:13"
191,B,61,"FinalCount => B:14, W:11"
192,W,63,"FinalCount => B:12, W:13"
193,B,59,"FinalCount => B:13, W:12"
194,W,62,"FinalCount => B:11, W:14"
195,B,59,"FinalCount => B:13, W:12"
196,B,59,"FinalCount => B:13, W:12"
197,B,59,"FinalCount => B:15, W:10"
198,B,59,"FinalCount => B:13, W:12"
199,B,61,"FinalCount => B:14, W:11"
200,W,66,"FinalCount => B:12, W:13"
201,W,63,"FinalCount => B:12, W:13"
202,W,66,"FinalCount => B:12, W:13"
203,B,59,"FinalCount => B:15, W:10"
204,W,62,"FinalCount => B:11, W:14"
205,B,56,"FinalCount => B:13, W:12"
206,B,59,"FinalCount => B:13, W:12"
207,W,66,"FinalCount => B:12, W:13"
208,W,66,"FinalCount => B:12, W:13"
209,B,56,"FinalCount => B:13, W:12"
210,W,66,"FinalCount => B:12, W:13"
211,B,59,"FinalCount => B:13, W:12"
212,B,59,"FinalCount => B:13, W:12"
213,B,61,"FinalCount => B:15, W:10"
214,W,66,"FinalCount => B:12, W:13"
215,B,68,"FinalCount => B:13, W:12"
216,B,59,"FinalCount => B:13, W:12"
217,W,66,"FinalCount => B:12, W:13"
218,B,61,"FinalCount => B:15, W:10"
219,B,61,"FinalCount => B:14, W:11"
220,W,62,"FinalCount => B:10, W:15"
221,B,68,"FinalCount => B:13, W:12"
222,W,62,"FinalCount => B:10, W:15"
223,B,55,"FinalCount => B:14, W:11"
224,B,68,"FinalCount => B:13, W:12"
225,W,66,"FinalCount => B:12, W:13"
226,B,55,"FinalCount => B:14, W:11"
227,B,59,"FinalCount => B:13, W:12"
228,W,66,"FinalCount => B:12, W:13"
229,B,59,"FinalCount => B:13, W:12"
230,B,59,"FinalCount => B:13, W:12"
231,B,59,"FinalCount => B:13, W:12"
232,B,59,"FinalCount => B:15, W:10"
233,B,59,"FinalCount => B:13, W:12"
234,W,63,"FinalCount => B:12, W:13"
235,W,62,"FinalCount => B:11, W:14"
236,B,59,"FinalCount => B:13, W:12"
237,W,63,"FinalCount => B:12, W:13"
238,B,59,"FinalCount => B:13, W:12"
239,B,59,"FinalCount => B:13, W:12"
240,B,59,"FinalCount => B:13, W:12"
241,B,59,"FinalCount => B:13, W:12"
242,W,66,"FinalCount => B:12, W:13"
243,W,63,"FinalCount => B:12, W:13"
244,B,59,"FinalCount => B:13, W:12"
245,W,66,"FinalCount => B:12, W:13"
246,W,62,"FinalCount => B:11, W:14"
247,B,68,"FinalCount => B:13, W:12"
248,B,52,"FinalCount => B:13, W:12"
249,B,52,"FinalCount => B:13, W:12"
250,W,63,"FinalCount => B:12, W:13"
251,B,59,"FinalCount => B:13, W:12"
252,B,59,"FinalCount => B:15, W:10"
253,B,61,"FinalCount => B:14, W:11"
254,W,66,"FinalCount => B:12, W:13"
255,B,68,"FinalCount => B:13, W:12"
256,W,66,"FinalCount => B:12, W:13"
257,B,59,"FinalCount => B:13, W:12"
258,B,61,"FinalCount => B:14, W:11"
259,B,68,"FinalCount => B:13, W:12"
260,B,61,"FinalCount => B:15, W:10"
261,W,62,"FinalCount => B:10, W:15"
262,B,59,"FinalCount => B:15, W:10"
263,W,66,"FinalCount => B:12, W:13"
264,W,62,"FinalCount => B:10, W:15"
265,B,68,"FinalCount => B:13, W:12"
266,W,63,"FinalCount => B:12, W:13"
267,B,59,"FinalCount => B:13, W:12"
268,B,56,"FinalCount => B:13, W:12"
269,W,66,"FinalCount => B:12, W:13"
270,W,62,"FinalCount => B:10, W:15"
271,W,66,"FinalCount => B:12, W:13"
272,W,62,"FinalCount => B:10, W:15"
273,B,52,"FinalCount => B:13, W:12"
274,B,61,"FinalCount => B:14, W:11"
275,W,66,"FinalCount => B:12, W:13"
276,B,56,"FinalCount => B:13, W:12"
277,B,59,"FinalCount => B:13, W:12"
278,B,59,"FinalCount => B:13, W:12"
279,B,61,"FinalCount => B:14, W:11"
280,W,66,"FinalCount => B:12, W:13"
281,B,59,"FinalCount => B:13, W:12"
282,B,59,"FinalCount => B:13, W:12"
283,W,66,"FinalCount => B:12, W:13"
284,B,59,"FinalCount => B:15, W:10"
285,B,59,"FinalCount => B:15, W:10"
286,W,66,"FinalCount => B:12, W:13"
287,W,66,"FinalCount => B:12, W:13"
288,B,59,"FinalCount => B:15, W:10"
289,B,61,"FinalCount => B:14, W:11"
290,W,66,"FinalCount => B:12, W:13"
291,B,61,"FinalCount => B:15, W:10"
292,W,63,"FinalCount => B:12, W:13"
293,W,63,"FinalCount => B:12, W:13"
294,W,63,"FinalCount => B:12, W:13"
295,W,63,"FinalCount => B:12, W:13"
296,B,59,"FinalCount => B:15, W:10"
297,B,68,"FinalCount => B:13, W:12"
298,B,59,"FinalCount => B:13, W:12"
299,W,62,"FinalCount => B:11, W:14"
300,B,59,"FinalCount => B:13, W:12"
301,W,66,"FinalCount => B:12, W:13"
302,W,63,"FinalCount => B:12, W:13"
303,B,61,"FinalCount => B:15, W:10"
304,B,59,"FinalCount => B:13, W:12"
305,B,59,"FinalCount => B:13, W:12"
306,W,63,"FinalCount => B:12, W:13"
307,B,59,"FinalCount => B:15, W:10"
308,W,66,"FinalCount => B:12, W:13"
309,B,59,"FinalCount => B:13, W:12"
310,B,59,"FinalCount => B:13, W:12"
311,B,52,"FinalCount => B:13, W:12"
312,B,61,"FinalCount => B:14, W:11"
313,W,66,"FinalCount => B:12, W:13"
314,B,68,"FinalCount => B:13, W:12"
315,B,59,"FinalCount => B:13, W:12"
316,B,61,"FinalCount => B:14, W:11"
317,W,63,"FinalCount => B:12, W:13"
318,B,55,"FinalCount => B:14, W:11"
319,B,61,"FinalCount => B:15, W:10"
320,B,59,"FinalCount => B:13, W:12"
321,B,59,"FinalCount => B:13, W:12"
322,B,68,"FinalCount => B:13, W:12"
323,W,62,"FinalCount => B:11, W:14"
324,W,66,"FinalCount => B:12, W:13"
325,B,61,"FinalCount => B:14, W:11"
326,W,66,"FinalCount => B:12, W:13"
327,B,59,"FinalCount => B:13, W:12"
328,W,63,"FinalCount => B:12, W:13"
329,B,59,"FinalCount => B:13, W:12"
330,B,61,"FinalCount => B:14, W:11"
331,W,66,"FinalCount => B:12, W:13"
332,W,66,"FinalCount => B:12, W:13"
333,W,66,"FinalCount => B:12, W:13"
334,B,68,"FinalCount => B:13, W:12"
335,B,59,"FinalCount => B:13, W:12"
336,W,63,"FinalCount => B:12, W:13"
337,W,62,"FinalCount => B:10, W:15"
338,W,66,"FinalCount => B:12, W:13"
339,B,59,"FinalCount => B:13, W:12"
340,B,59,"FinalCount => B:13, W:12"
341,B,59,"FinalCount => B:13, W:12"
342,B,55,"FinalCount => B:14, W:11"
343,B,68,"FinalCount => B:13, W:12"
344,B,61,"FinalCount => B:14, W:11"
345,W,62,"FinalCount => B:11, W:14"
346,W,62,"FinalCount => B:11, W:14"
347,B,61,"FinalCount => B:14, W:11"
348,B,59,"FinalCount => B:15, W:10"
349,B,59,"FinalCount => B:13, W:12"
350,W,66,"FinalCount => B:12, W:13"
351,B,68,"FinalCount => B:13, W:12"
352,W,62,"FinalCount => B:10, W:15"
353,B,55,"FinalCount => B:14, W:11"
354,B,61,"FinalCount => B:15, W:10"
355,B,59,"FinalCount => B:13, W:12"
356,B,68,"FinalCount => B:13, W:12"
357,B,61,"FinalCount => B:15, W:10"
358,B,61,"FinalCount => B:14, W:11"
359,W,62,"FinalCount => B:11, W:14"
360,B,59,"FinalCount => B:13, W:12"
361,B,59,"FinalCount => B:13, W:12"
362,B,68,"FinalCount => B:13, W:12"
363,B,52,"FinalCount => B:13, W:12"
364,W,62,"FinalCount => B:10, W:15"
365,B,68,"FinalCount => B:13, W:12"
366,W,63,"FinalCount => B:12, W:13"
367,W,63,"FinalCount => B:12, W:13"
368,W,63,"FinalCount => B:12, W:13"
369,W,62,"FinalCount => B:10, W:15"
370,W,63,"FinalCount => B:12, W:13"
371,B,59,"FinalCount => B:13, W:12"
372,B,59,"FinalCount => B:13, W:12"
373,W,66,"FinalCount => B:12, W:13"
374,B,61,"FinalCount => B:15, W:10"
375,W,66,"FinalCount => B:12, W:13"
376,B,61,"FinalCount => B:15, W:10"
377,B,59,"FinalCount => B:13, W:12"
378,W,66,"FinalCount => B:12, W:13"
379,W,66,"FinalCount => B:12, W:13"
380,B,59,"FinalCount => B:13, W:12"
381,B,61,"FinalCount => B:14, W:11"
382,W,63,"FinalCount => B:12, W:13"
383,B,61,"FinalCount => B:14, W:11"
384,W,63,"FinalCount => B:12, W:13"
385,W,66,"FinalCount => B:12, W:13"
386,W,62,"FinalCount => B:11, W:14"
387,W,66,"FinalCount => B:12, W:13"
388,B,56,"FinalCount => B:13, W:12"
389,B,59,"FinalCount => B:13, W:12"
390,B,68,"FinalCount => B:13, W:12"
391,W,66,"FinalCount => B:12, W:13"
392,B,68,"FinalCount => B:13, W:12"
393,W,66,"FinalCount => B:12, W:13"
394,B,59,"FinalCount => B:13, W:12"
395,B,61,"FinalCount => B:15, W:10"
396,B,61,"FinalCount => B:14, W:11"
397,B,61,"FinalCount => B:15, W:10"
398,B,68,"FinalCount => B:13, W:12"
399,W,66,"FinalCount => B:12, W:13"
400,B,61,"FinalCount => B:14, W:11"
401,B,61,"FinalCount => B:14, W:11"
402,W,66,"FinalCount => B:12, W:13"
403,B,68,"FinalCount => B:13, W:12"
404,W,63,"FinalCount => B:12, W:13"
405,B,59,"FinalCount => B:13, W:12"
406,B,61,"FinalCount => B:14, W:11"
407,B,59,"FinalCount => B:13, W:12"
408,B,59,"FinalCount => B:13, W:12"
409,B,59,"FinalCount => B:13, W:12"
410,W,66,"FinalCount => B:12, W:13"
411,B,59,"FinalCount => B:13, W:12"
412,W,62,"FinalCount => B:11, W:14"
413,B,56,"FinalCount => B:13, W:12"
414,B,59,"FinalCount => B:13, W:12"
415,B,61,"FinalCount => B:15, W:10"
416,W,63,"FinalCount => B:12, W:13"
417,B,59,"FinalCount => B:13, W:12"
418,B,59,"FinalCount => B:15, W:10"
419,W,63,"FinalCount => B:12, W:13"
420,W,66,"FinalCount => B:12, W:13"
421,B,59,"FinalCount => B:13, W:12"
422,B,68,"FinalCount => B:13, W:12"
423,W,63,"FinalCount => B:12, W:13"
424,B,61,"FinalCount => B:14, W:11"
425,B,59,"FinalCount => B:13, W:12"
426,B,59,"FinalCount => B:13, W:12"
427,W,62,"FinalCount => B:11, W:14"
428,B,59,"FinalCount => B:13, W:12"
429,B,56,"FinalCount => B:13, W:12"
430,W,62,"FinalCount => B:10, W:15"
431,B,61,"FinalCount => B:14, W:11"
432,W,66,"FinalCount => B:12, W:13"
433,W,63,"FinalCount => B:12, W:13"
434,W,66,"FinalCount => B:12, W:13"
435,B,59,"FinalCount => B:13, W:12"
436,B,59,"FinalCount => B:13, W:12"
437,B,59,"FinalCount => B:13, W:12"
438,B,59,"FinalCount => B:15, W:10"
439,W,63,"FinalCount => B:12, W:13"
440,W,66,"FinalCount => B:12, W:13"
441,B,61,"FinalCount => B:14, W:11"
442,B,61,"FinalCount => B:14, W:11"
443,W,62,"FinalCount => B:10, W:15"
444,B,59,"FinalCount => B:15, W:10"
445,W,63,"FinalCount => B:12, W:13"
446,W,63,"FinalCount => B:12, W:13"
447,B,59,"FinalCount => B:15, W:10"
448,B,59,"FinalCount => B:13, W:12"
449,W,62,"FinalCount => B:11, W:14"
450,W,63,"FinalCount => B:12, W:13"
451,B,59,"FinalCount => B:13, W:12"
452,W,66,"FinalCount => B:12, W:13"
453,W,63,"FinalCount => B:12, W:13"
454,W,62,"FinalCount => B:10, W:15"
455,B,59,"FinalCount => B:13, W:12"
456,B,56,"FinalCount => B:13, W:12"
457,B,61,"FinalCount => B:14, W:11"
458,W,66,"FinalCount => B:12, W:13"
459,B,68,"FinalCount => B:13, W:12"
460,W,63,"FinalCount => B:12, W:13"
461,W,63,"FinalCount => B:12, W:13"
462,B,59,"FinalCount => B:13, W:12"
463,W,62,"FinalCount => B:10, W:15"
464,W,62,"FinalCount => B:11, W:14"
465,B,68,"FinalCount => B:13, W:12"
466,B,55,"FinalCount => B:14, W:11"
467,W,66,"FinalCount => B:12, W:13"
468,B,61,"FinalCount => B:15, W:10"
469,W,66,"FinalCount => B:12, W:13"
470,W,66,"FinalCount => B:12, W:13"
471,W,63,"FinalCount => B:12, W:13"
472,W,63,"FinalCount => B:12, W:13"
473,B,59,"FinalCount => B:13, W:12"
474,W,66,"FinalCount => B:12, W:13"
475,W,66,"FinalCount => B:12, W:13"
476,W,63,"FinalCount => B:12, W:13"
477,B,56,"FinalCount => B:13, W:12"
478,W,66,"FinalCount => B:12, W:13"
479,W,62,"FinalCount => B:10, W:15"
480,B,61,"FinalCount => B:15, W:10"
481,W,63,"FinalCount => B:12, W:13"
482,B,59,"FinalCount => B:13, W:12"
483,B,59,"FinalCount => B:13, W:12"
484,B,68,"FinalCount => B:13, W:12"
485,B,68,"FinalCount => B:13, W:12"
486,W,62,"FinalCount => B:10, W:15"
487,B,59,"FinalCount => B:13, W:12"
488,B,68,"FinalCount => B:13, W:12"
489,W,66,"FinalCount => B:12, W:13"
490,B,59,"FinalCount => B:13, W:12"
491,W,63,"FinalCount => B:12, W:13"
492,B,61,"FinalCount => B:14, W:11"
493,B,56,"FinalCount => B:13, W:12"
494,B,61,"FinalCount => B:14, W:11"
495,B,61,"FinalCount => B:14, W:11"
496,B,52,"FinalCount => B:13, W:12"
497,B,61,"FinalCount => B:14, W:11"
498,B,59,"FinalCount => B:13, W:12"
499,B,59,"FinalCount => B:13, W:12"
500,B,59,"FinalCount => B:15, W:10"
501,W,66,"FinalCount => B:12, W:13"
502,B,59,"FinalCount => B:15, W:10"
503,W,66,"FinalCount => B:12, W:13"
504,W,66,"FinalCount => B:12, W:13"
505,B,59,"FinalCount => B:15, W:10"
506,B,59,"FinalCount => B:13, W:12"
507,B,59,"FinalCount => B:13, W:12"
508,B,68,"FinalCount => B:13, W:12"
509,W,62,"FinalCount => B:10, W:15"
510,B,61,"FinalCount => B:14, W:11"
511,B,59,"FinalCount => B:13, W:12"
512,W,63,"FinalCount => B:12, W:13"
513,B,59,"FinalCount => B:13, W:12"
514,B,59,"FinalCount => B:13, W:12"
515,B,59,"FinalCount => B:13, W:12"
516,B,59,"FinalCount => B:13, W:12"
517,W,63,"FinalCount => B:12, W:13"
518,W,66,"FinalCount => B:12, W:13"
519,W,63,"FinalCount => B:12, W:13"
520,W,66,"FinalCount => B:12, W:13"
521,B,59,"FinalCount => B:13, W:12"
522,B,68,"FinalCount => B:13, W:12"
523,B,68,"FinalCount => B:13, W:12"
524,B,55,"FinalCount => B:14, W:11"
525,W,62,"FinalCount => B:11, W:14"
526,W,66,"FinalCount => B:12, W:13"
527,W,66,"FinalCount => B:12, W:13"
528,B,59,"FinalCount => B:15, W:10"
529,B,59,"FinalCount => B:13, W:12"
530,B,59,"FinalCount => B:13, W:12"
531,B,61,"FinalCount => B:14, W:11"
532,B,68,"FinalCount => B:13, W:12"
533,W,63,"FinalCount => B:12, W:13"
534,B,68,"FinalCount => B:13, W:12"
535,B,56,"FinalCount => B:13, W:12"
536,B,59,"FinalCount => B:15, W:10"
537,B,56,"FinalCount => B:13, W:12"
538,B,59,"FinalCount => B:13, W:12"
539,B,61,"FinalCount => B:15, W:10"
540,B,59,"FinalCount => B:13, W:12"
541,W,63,"FinalCount => B:12, W:13"
542,B,61,"FinalCount => B:14, W:11"
543,B,56,"FinalCount => B:13, W:12"
544,B,68,"FinalCount => B:13, W:12"
545,B,59,"FinalCount => B:15, W:10"
546,B,61,"FinalCount => B:15, W:10"
547,W,66,"FinalCount => B:12, W:13"
548,B,59,"FinalCount => B:13, W:12"
549,W,66,"FinalCount => B:12, W:13"
550,B,68,"FinalCount => B:13, W:12"
551,W,66,"FinalCount => B:12, W:13"
552,B,55,"FinalCount => B:14, W:11"
553,B,68,"FinalCount => B:13, W:12"
554,B,61,"FinalCount => B:15, W:10"
555,B,59,"FinalCount => B:13, W:12"
556,B,61,"FinalCount => B:15, W:10"
557,B,52,"FinalCount => B:13, W:12"
558,W,63,"FinalCount => B:12, W:13"
559,W,66,"FinalCount => B:12, W:13"
560,W,66,"FinalCount => B:12, W:13"
561,B,59,"FinalCount => B:13, W:12"
562,W,66,"FinalCount => B:12, W:13"
563,B,59,"FinalCount => B:13, W:12"
564,B,59,"FinalCount => B:13, W:12"
565,B,55,"FinalCount => B:14, W:11"
566,W,63,"FinalCount => B:12, W:13"
567,B,61,"FinalCount => B:15, W:10"
568,B,59,"FinalCount => B:13, W:12"
569,B,68,"FinalCount => B:13, W:12"
570,W,63,"FinalCount => B:12, W:13"
571,B,59,"FinalCount => B:13, W:12"
572,W,62,"FinalCount => B:10, W:15"
573,B,68,"FinalCount => B:13, W:12"
574,W,66,"FinalCount => B:12, W:13"
575,B,61,"FinalCount => B:14, W:11"
576,B,59,"FinalCount => B:15, W:10"
577,W,63,"FinalCount => B:12, W:13"
578,B,59,"FinalCount => B:15, W:10"
579,W,62,"FinalCount => B:10, W:15"
580,B,59,"FinalCount => B:13, W:12"
581,W,63,"FinalCount => B:12, W:13"
582,B,59,"FinalCount => B:13, W:12"
583,B,59,"FinalCount => B:15, W:10"
584,W,66,"FinalCount => B:12, W:13"
585,B,61,"FinalCount => B:14, W:11"
586,B,59,"FinalCount => B:13, W:12"
587,B,52,"FinalCount => B:13, W:12"
588,B,52,"FinalCount => B:13, W:12"
589,B,68,"FinalCount => B:13, W:12"
590,W,66,"FinalCount => B:12, W:13"
591,B,59,"FinalCount => B:13, W:12"
592,W,66,"FinalCount => B:12, W:13"
593,B,59,"FinalCount => B:13, W:12"
594,W,66,"FinalCount => B:12, W:13"
595,W,62,"FinalCount => B:11, W:14"
596,B,59,"FinalCount => B:13, W:12"
597,B,59,"FinalCount => B:13, W:12"
598,W,66,"FinalCount => B:12, W:13"
599,B,59,"FinalCount => B:13, W:12"
600,B,55,"FinalCount => B:14, W:11"
601,B,52,"FinalCount => B:13, W:12"
602,B,59,"FinalCount => B:13, W:12"
603,W,66,"FinalCount => B:12, W:13"
604,B,56,"FinalCount => B:13, W:12"
605,B,59,"FinalCount => B:13, W:12"
606,B,59,"FinalCount => B:15, W:10"
607,B,59,"FinalCount => B:13, W:12"
608,B,59,"FinalCount => B:13, W:12"
609,W,63,"FinalCount => B:12, W:13"
610,W,66,"FinalCount => B:12, W:13"
611,B,68,"FinalCount => B:13, W:12"
612,B,52,"FinalCount => B:13, W:12"
613,W,62,"FinalCount => B:10, W:15"
614,B,55,"FinalCount => B:14, W:11"
615,W,66,"FinalCount => B:12, W:13"
616,B,59,"FinalCount => B:13, W:12"
617,W,63,"FinalCount => B:12, W:13"
618,B,52,"FinalCount => B:13, W:12"
619,W,66,"FinalCount => B:12, W:13"
620,B,59,"FinalCount => B:15, W:10"
621,W,66,"FinalCount => B:12, W:13"
622,W,63,"FinalCount => B:12, W:13"
623,W,66,"FinalCount => B:12, W:13"
624,B,59,"FinalCount => B:13, W:12"
625,B,59,"FinalCount => B:15, W:10"
626,W,62,"FinalCount => B:10, W:15"
627,B,59,"FinalCount => B:13, W:12"
628,W,66,"FinalCount => B:12, W:13"
629,W,66,"FinalCount => B:12, W:13"
630,B,68,"FinalCount => B:13, W:12"
631,W,66,"FinalCount => B:12, W:13"
632,W,62,"FinalCount => B:11, W:14"
633,W,66,"FinalCount => B:12, W:13"
634,W,63,"FinalCount => B:12, W:13"
635,B,52,"FinalCount => B:13, W:12"
636,B,59,"FinalCount => B:15, W:10"
637,B,59,"FinalCount => B:13, W:12"
638,W,62,"FinalCount => B:10, W:15"
639,W,66,"FinalCount => B:12, W:13"
640,W,62,"FinalCount => B:10, W:15"
641,B,59,"FinalCount => B:13, W:12"
642,B,59,"FinalCount => B:15, W:10"
643,B,56,"FinalCount => B:13, W:12"
644,B,61,"FinalCount => B:14, W:11"
645,B,59,"FinalCount => B:13, W:12"
646,B,59,"FinalCount => B:13, W:12"
647,B,61,"FinalCount => B:14, W:11"
648,B,59,"FinalCount => B:13, W:12"
649,B,52,"FinalCount => B:13, W:12"
650,B,55,"FinalCount => B:14, W:11"
651,B,59,"FinalCount => B:13, W:12"
652,B,59,"FinalCount => B:13, W:12"
653,B,68,"FinalCount => B:13, W:12"
654,W,63,"FinalCount => B:12, W:13"
655,W,62,"FinalCount => B:10, W:15"
656,B,61,"FinalCount => B:14, W:11"
657,W,66,"FinalCount => B:12, W:13"
658,B,59,"FinalCount => B:13, W:12"
659,B,59,"FinalCount => B:13, W:12"
660,B,59,"FinalCount => B:13, W:12"
661,W,66,"FinalCount => B:12, W:13"
662,B,59,"FinalCount => B:13, W:12"
663,B,56,"FinalCount => B:13, W:12"
664,B,52,"FinalCount => B:13, W:12"
665,B,55,"FinalCount => B:14, W:11"
666,B,55,"FinalCount => B:14, W:11"
667,W,62,"FinalCount => B:11, W:14"
668,B,59,"FinalCount => B:13, W:12"
669,B,59,"FinalCount => B:13, W:12"
670,W,63,"FinalCount => B:12, W:13"
671,B,55,"FinalCount => B:14, W:11"
672,W,66,"FinalCount => B:12, W:13"
673,W,66,"FinalCount => B:12, W:13"
674,B,61,"FinalCount => B:14, W:11"
675,B,59,"FinalCount => B:13, W:12"
676,B,59,"FinalCount => B:13, W:12"
677,W,66,"FinalCount => B:12, W:13"
678,B,59,"FinalCount => B:13, W:12"
679,B,68,"FinalCount => B:13, W:12"
680,W,62,"FinalCount => B:10, W:15"
681,B,68,"FinalCount => B:13, W:12"
682,B,61,"FinalCount => B:14, W:11"
683,B,61,"FinalCount => B:14, W:11"
684,W,66,"FinalCount => B:12, W:13"
685,B,68,"FinalCount => B:13, W:12"
686,B,68,"FinalCount => B:13, W:12"
687,B,52,"FinalCount => B:13, W:12"
688,B,61,"FinalCount => B:14, W:11"
689,W,63,"FinalCount => B:12, W:13"
690,B,52,"FinalCount => B:13, W:12"
691,B,68,"FinalCount => B:13, W:12"
692,B,68,"FinalCount => B:13, W:12"
693,W,63,"FinalCount => B:12, W:13"
694,B,59,"FinalCount => B:15, W:10"
695,B,68,"FinalCount => B:13, W:12"
696,B,59,"FinalCount => B:13, W:12"
697,W,66,"FinalCount => B:12, W:13"
698,B,59,"FinalCount => B:15, W:10"
699,B,61,"FinalCount => B:14, W:11"
700,B,68,"FinalCount => B:13, W:12"
701,B,59,"FinalCount => B:13, W:12"
702,B,59,"FinalCount => B:13, W:12"
703,W,66,"FinalCount => B:12, W:13"
704,B,59,"FinalCount => B:13, W:12"
705,B,59,"FinalCount => B:13, W:12"
706,W,66,"FinalCount => B:12, W:13"
707,B,59,"FinalCount => B:13, W:12"
708,W,63,"FinalCount => B:12, W:13"
709,W,62,"FinalCount => B:10, W:15"
710,B,59,"FinalCount => B:13, W:12"
711,B,59,"FinalCount => B:13, W:12"
712,B,59,"FinalCount => B:13, W:12"
713,B,56,"FinalCount => B:13, W:12"
714,B,52,"FinalCount => B:13, W:12"
715,B,59,"FinalCount => B:13, W:12"
716,B,59,"FinalCount => B:13, W:12"
717,W,63,"FinalCount => B:12, W:13"
718,B,59,"FinalCount => B:13, W:12"
719,W,63,"FinalCount => B:12, W:13"
720,B,59,"FinalCount => B:13, W:12"
721,B,59,"FinalCount => B:13, W:12"
722,B,56,"FinalCount => B:13, W:12"
723,W,63,"FinalCount => B:12, W:13"
724,W,66,"FinalCount => B:12, W:13"
725,B,68,"FinalCount => B:13, W:12"
726,B,61,"FinalCount => B:14, W:11"
727,W,66,"FinalCount => B:12, W:13"
728,B,59,"FinalCount => B:13, W:12"
729,W,62,"FinalCount => B:11, W:14"
730,B,59,"FinalCount => B:13, W:12"
731,B,52,"FinalCount => B:13, W:12"
732,B,55,"FinalCount => B:14, W:11"
733,B,59,"FinalCount => B:15, W:10"
734,W,63,"FinalCount => B:12, W:13"
735,W,66,"FinalCount => B:12, W:13"
736,W,63,"FinalCount => B:12, W:13"
737,B,52,"FinalCount => B:13, W:12"
738,W,62,"FinalCount => B:11, W:14"
739,W,66,"FinalCount => B:12, W:13"
740,B,61,"FinalCount => B:14, W:11"
741,W,66,"FinalCount => B:12, W:13"
742,B,59,"FinalCount => B:13, W:12"
743,W,63,"FinalCount => B:12, W:13"
744,W,62,"FinalCount => B:11, W:14"
745,W,62,"FinalCount => B:10, W:15"
746,W,63,"FinalCount => B:12, W:13"
747,B,59,"FinalCount => B:13, W:12"
748,W,66,"FinalCount => B:12, W:13"
749,B,61,"FinalCount => B:15, W:10"
750,B,61,"FinalCount => B:14, W:11"
751,B,61,"FinalCount => B:14, W:11"
752,B,52,"FinalCount => B:13, W:12"
753,B,59,"FinalCount => B:13, W:12"
754,W,66,"FinalCount => B:12, W:13"
755,W,62,"FinalCount => B:10, W:15"
756,B,68,"FinalCount => B:13, W:12"
757,B,59,"FinalCount => B:13, W:12"
758,B,52,"FinalCount => B:13, W:12"
759,W,66,"FinalCount => B:12, W:13"
760,B,59,"FinalCount => B:13, W:12"
761,W,63,"FinalCount => B:12, W:13"
762,B,59,"FinalCount => B:13, W:12"
763,B,59,"FinalCount => B:15, W:10"
764,W,66,"FinalCount => B:12, W:13"
765,B,52,"FinalCount => B:13, W:12"
766,B,61,"FinalCount => B:15, W:10"
767,W,63,"FinalCount => B:12, W:13"
768,B,59,"FinalCount => B:13, W:12"
769,B,59,"FinalCount => B:13, W:12"
770,B,56,"FinalCount => B:13, W:12"
771,B,68,"FinalCount => B:13, W:12"
772,B,56,"FinalCount => B:13, W:12"
773,W,63,"FinalCount => B:12, W:13"
774,W,62,"FinalCount => B:10, W:15"
775,B,59,"FinalCount => B:13, W:12"
776,B,61,"FinalCount => B:14, W:11"
777,W,62,"FinalCount => B:10, W:15"
778,W,66,"FinalCount => B:12, W:13"
779,B,59,"FinalCount => B:13, W:12"
780,W,66,"FinalCount => B:12, W:13"
781,B,59,"FinalCount => B:13, W:12"
782,W,63,"FinalCount => B:12, W:13"
783,B,52,"FinalCount => B:13, W:12"
784,W,63,"FinalCount => B:12, W:13"
785,W,66,"FinalCount => B:12, W:13"
786,B,59,"FinalCount => B:15, W:10"
787,W,62,"FinalCount => B:11, W:14"
788,B,59,"FinalCount => B:13, W:12"
789,B,61,"FinalCount => B:14, W:11"
790,B,59,"FinalCount => B:13, W:12"
791,B,59,"FinalCount => B:13, W:12"
792,W,63,"FinalCount => B:12, W:13"
793,W,66,"FinalCount => B:12, W:13"
794,W,63,"FinalCount => B:12, W:13"
795,W,63,"FinalCount => B:12, W:13"
796,B,59,"FinalCount => B:13, W:12"
797,B,59,"FinalCount => B:13, W:12"
798,B,56,"FinalCount => B:13, W:12"
799,B,61,"FinalCount => B:14, W:11"
800,B,61,"FinalCount => B:14, W:11"
801,B,68,"FinalCount => B:13, W:12"
802,B,61,"FinalCount => B:14, W:11"
803,W,66,"FinalCount => B:12, W:13"
804,W,66,"FinalCount => B:12, W:13"
805,W,66,"FinalCount => B:12, W:13"
806,B,55,"FinalCount => B:14, W:11"
807,B,68,"FinalCount => B:13, W:12"
808,B,55,"FinalCount => B:14, W:11"
809,W,62,"FinalCount => B:11, W:14"
810,B,59,"FinalCount => B:15, W:10"
811,B,68,"FinalCount => B:13, W:12"
812,W,63,"FinalCount => B:12, W:13"
813,B,59,"FinalCount => B:15, W:10"
814,W,66,"FinalCount => B:12, W:13"
815,B,59,"FinalCount => B:15, W:10"
816,B,68,"FinalCount => B:13, W:12"
817,B,55,"FinalCount => B:14, W:11"
818,B,61,"FinalCount => B:14, W:11"
819,B,59,"FinalCount => B:13, W:12"
820,B,59,"FinalCount => B:13, W:12"
821,W,62,"FinalCount => B:10, W:15"
822,B,61,"FinalCount => B:15, W:10"
823,W,62,"FinalCount => B:11, W:14"
824,B,56,"FinalCount => B:13, W:12"
825,W,62,"FinalCount => B:11, W:14"
826,W,62,"FinalCount => B:10, W:15"
827,W,63,"FinalCount => B:12, W:13"
828,W,63,"FinalCount => B:12, W:13"
829,B,59,"FinalCount => B:13, W:12"
830,W,63,"FinalCount => B:12, W:13"
831,B,59,"FinalCount => B:15, W:10"
832,B,61,"FinalCount => B:15, W:10"
833,B,59,"FinalCount => B:13, W:12"
834,B,61,"FinalCount => B:15, W:10"
835,W,66,"FinalCount => B:12, W:13"
836,B,56,"FinalCount => B:13, W:12"
837,B,59,"FinalCount => B:13, W:12"
838,W,62,"FinalCount => B:11, W:14"
839,B,59,"FinalCount => B:13, W:12"
840,B,68,"FinalCount => B:13, W:12"
841,B,59,"FinalCount => B:13, W:12"
842,B,61,"FinalCount => B:14, W:11"
843,W,62,"FinalCount => B:10, W:15"
844,B,61,"FinalCount => B:14, W:11"
845,W,63,"FinalCount => B:12, W:13"
846,B,59,"FinalCount => B:13, W:12"
847,B,55,"FinalCount => B:14, W:11"
848,W,66,"FinalCount => B:12, W:13"
849,B,59,"FinalCount => B:15, W:10"
850,B,61,"FinalCount => B:14, W:11"
851,W,66,"FinalCount => B:12, W:13"
852,W,62,"FinalCount => B:10, W:15"
853,B,59,"FinalCount => B:13, W:12"
854,W,66,"FinalCount => B:12, W:13"
855,B,61,"FinalCount => B:14, W:11"
856,B,56,"FinalCount => B:13, W:12"
857,B,59,"FinalCount => B:13, W:12"
858,B,55,"FinalCount => B:14, W:11"
859,W,62,"FinalCount => B:11, W:14"
860,W,66,"FinalCount => B:12, W:13"
861,W,66,"FinalCount => B:12, W:13"
862,B,56,"FinalCount => B:13, W:12"
863,B,68,"FinalCount => B:13, W:12"
864,B,59,"FinalCount => B:13, W:12"
865,B,68,"FinalCount => B:13, W:12"
866,B,61,"FinalCount => B:14, W:11"
867,W,66,"FinalCount => B:12, W:13"
868,W,63,"FinalCount => B:12, W:13"
869,B,56,"FinalCount => B:13, W:12"
870,B,59,"FinalCount => B:13, W:12"
871,B,59,"FinalCount => B:13, W:12"
872,W,63,"FinalCount => B:12, W:13"
873,B,59,"FinalCount => B:13, W:12"
874,B,61,"FinalCount => B:14, W:11"
875,B,61,"FinalCount => B:14, W:11"
876,B,52,"FinalCount => B:13, W:12"
877,B,59,"FinalCount => B:13, W:12"
878,B,55,"FinalCount => B:14, W:11"
879,B,68,"FinalCount => B:13, W:12"
880,B,59,"FinalCount => B:13, W:12"
881,B,59,"FinalCount => B:13, W:12"
882,W,66,"FinalCount => B:12, W:13"
883,W,62,"FinalCount => B:10, W:15"
884,B,59,"FinalCount => B:13, W:12"
885,W,66,"FinalCount => B:12, W:13"
886,B,59,"FinalCount => B:13, W:12"
887,B,52,"FinalCount => B:13, W:12"
888,W,63,"FinalCount => B:12, W:13"
889,B,59,"FinalCount => B:13, W:12"
890,B,52,"FinalCount => B:13, W:12"
891,B,61,"FinalCount => B:14, W:11"
892,B,52,"FinalCount => B:13, W:12"
893,B,59,"FinalCount => B:13, W:12"
894,W,66,"FinalCount => B:12, W:13"
895,B,61,"FinalCount => B:14, W:11"
896,W,63,"FinalCount => B:12, W:13"
897,B,52,"FinalCount => B:13, W:12"
898,B,59,"FinalCount => B:13, W:12"
899,B,68,"FinalCount => B:13, W:12"
900,W,63,"FinalCount => B:12, W:13"
901,W,66,"FinalCount => B:12, W:13"
902,B,61,"FinalCount => B:15, W:10"
903,B,55,"FinalCount => B:14, W:11"
904,W,63,"FinalCount => B:12, W:13"
905,W,62,"FinalCount => B:10, W:15"
906,W,66,"FinalCount => B:12, W:13"
907,B,59,"FinalCount => B:13, W:12"
908,B,68,"FinalCount => B:13, W:12"
909,W,62,"FinalCount => B:10, W:15"
910,W,66,"FinalCount => B:12, W:13"
911,W,66,"FinalCount => B:12, W:13"
912,B,61,"FinalCount => B:14, W:11"
913,W,62,"FinalCount => B:10, W:15"
914,B,59,"FinalCount => B:13, W:12"
915,W,66,"FinalCount => B:12, W:13"
916,B,61,"FinalCount => B:15, W:10"
917,W,63,"FinalCount => B:12, W:13"
918,B,68,"FinalCount => B:13, W:12"
919,W,63,"FinalCount => B:12, W:13"
920,B,59,"FinalCount => B:13, W:12"
921,B,59,"FinalCount => B:13, W:12"
922,B,59,"FinalCount => B:13, W:12"
923,B,59,"FinalCount => B:13, W:12"
924,B,59,"FinalCount => B:15, W:10"
925,B,52,"FinalCount => B:13, W:12"
926,B,59,"FinalCount => B:15, W:10"
927,W,63,"FinalCount => B:12, W:13"
928,B,59,"FinalCount => B:13, W:12"
929,B,61,"FinalCount => B:14, W:11"
930,B,56,"FinalCount => B:13, W:12"
931,B,59,"FinalCount => B:15, W:10"
932,B,59,"FinalCount => B:13, W:12"
933,B,59,"FinalCount => B:13, W:12"
934,W,63,"FinalCount => B:12, W:13"
935,W,63,"FinalCount => B:12, W:13"
936,W,66,"FinalCount => B:12, W:13"
937,W,63,"FinalCount => B:12, W:13"
938,B,61,"FinalCount => B:14, W:11"
939,B,59,"FinalCount => B:13, W:12"
940,B,59,"FinalCount => B:13, W:12"
941,W,66,"FinalCount => B:12, W:13"
942,B,59,"FinalCount => B:13, W:12"
943,W,63,"FinalCount => B:12, W:13"
944,B,59,"FinalCount => B:13, W:12"
945,W,66,"FinalCount => B:12, W:13"
946,W,66,"FinalCount => B:12, W:13"
947,B,59,"FinalCount => B:13, W:12"
948,B,56,"FinalCount => B:13, W:12"
949,W,63,"FinalCount => B:12, W:13"
950,W,63,"FinalCount => B:12, W:13"
951,B,68,"FinalCount => B:13, W:12"
952,W,66,"FinalCount => B:12, W:13"
953,W,66,"FinalCount => B:12, W:13"
954,B,59,"FinalCount => B:15, W:10"
955,B,59,"FinalCount => B:13, W:12"
956,B,61,"FinalCount => B:15, W:10"
957,B,59,"FinalCount => B:13, W:12"
958,W,62,"FinalCount => B:10, W:15"
959,W,66,"FinalCount => B:12, W:13"
960,B,52,"FinalCount => B:13, W:12"
961,B,68,"FinalCount => B:13, W:12"
962,W,63,"FinalCount => B:12, W:13"
963,B,61,"FinalCount => B:14, W:11"
964,W,66,"FinalCount => B:12, W:13"
965,W,62,"FinalCount => B:10, W:15"
966,B,59,"FinalCount => B:13, W:12"
967,W,66,"FinalCount => B:12, W:13"
968,W,66,"FinalCount => B:12, W:13"
969,B,59,"FinalCount => B:13, W:12"
970,B,59,"FinalCount => B:13, W:12"
971,B,59,"FinalCount => B:13, W:12"
972,W,63,"FinalCount => B:12, W:13"
973,B,61,"FinalCount => B:14, W:11"
974,W,66,"FinalCount => B:12, W:13"
975,W,66,"FinalCount => B:12, W:13"
976,B,68,"FinalCount => B:13, W:12"
977,B,61,"FinalCount => B:14, W:11"
978,W,66,"FinalCount => B:12, W:13"
979,W,66,"FinalCount => B:12, W:13"
980,B,59,"FinalCount => B:13, W:12"
981,B,59,"FinalCount => B:15, W:10"
982,B,68,"FinalCount => B:13, W:12"
983,W,66,"FinalCount => B:12, W:13"
984,W,63,"FinalCount => B:12, W:13"
985,W,66,"FinalCount => B:12, W:13"
986,B,61,"FinalCount => B:14, W:11"
987,W,63,"FinalCount => B:12, W:13"
988,W,66,"FinalCount => B:12, W:13"
989,B,59,"FinalCount => B:13, W:12"
990,B,59,"FinalCount => B:15, W:10"
991,W,63,"FinalCount => B:12, W:13"
992,B,56,"FinalCount => B:13, W:12"
993,B,59,"FinalCount => B:15, W:10"
994,W,63,"FinalCount => B:12, W:13"
995,B,59,"FinalCount => B:13, W:12"
996,B,59,"FinalCount => B:13, W:12"
997,W,62,"FinalCount => B:11, W:14"
998,W,62,"FinalCount => B:10, W:15"
999,W,66,"FinalCount => B:12, W:13"
1000,W,66,"FinalCount => B:12, W:13"
1001,B,61,"FinalCount => B:14, W:11"
1002,W,66,"FinalCount => B:12, W:13"
1003,B,68,"FinalCount => B:13, W:12"
1004,W,66,"FinalCount => B:12, W:13"
1005,W,66,"FinalCount => B:12, W:13"
1006,W,62,"FinalCount => B:10, W:15"
1007,B,52,"FinalCount => B:13, W:12"
1008,B,52,"FinalCount => B:13, W:12"
1009,B,56,"FinalCount => B:13, W:12"
1010,B,59,"FinalCount => B:13, W:12"
1011,W,63,"FinalCount => B:12, W:13"
1012,W,66,"FinalCount => B:12, W:13"
1013,B,59,"FinalCount => B:13, W:12"
1014,W,63,"FinalCount => B:12, W:13"
1015,W,66,"FinalCount => B:12, W:13"
1016,W,66,"FinalCount => B:12, W:13"
1017,W,63,"FinalCount => B:12, W:13"
1018,W,66,"FinalCount => B:12, W:13"
1019,B,68,"FinalCount => B:13, W:12"
1020,W,62,"FinalCount => B:10, W:15"
1021,B,59,"FinalCount => B:13, W:12"
1022,B,52,"FinalCount => B:13, W:12"
1023,B,68,"FinalCount => B:13, W:12"
1024,W,63,"FinalCount => B:12, W:13"
1025,B,55,"FinalCount => B:14, W:11"
1026,B,59,"FinalCount => B:13, W:12"
1027,B,61,"FinalCount => B:14, W:11"
1028,W,62,"FinalCount => B:11, W:14"
1029,W,66,"FinalCount => B:12, W:13"
1030,B,55,"FinalCount => B:14, W:11"
1031,W,66,"FinalCount => B:12, W:13"
1032,B,68,"FinalCount => B:13, W:12"
1033,W,63,"FinalCount => B:12, W:13"
1034,B,59,"FinalCount => B:15, W:10"
1035,W,66,"FinalCount => B:12, W:13"
1036,B,59,"FinalCount => B:13, W:12"
1037,W,66,"FinalCount => B:12, W:13"
1038,B,59,"FinalCount => B:13, W:12"
1039,B,68,"FinalCount => B:13, W:12"
1040,B,61,"FinalCount => B:15, W:10"
1041,B,59,"FinalCount => B:15, W:10"
1042,B,52,"FinalCount => B:13, W:12"
1043,W,63,"FinalCount => B:12, W:13"
1044,W,62,"FinalCount => B:11, W:14"
1045,B,59,"FinalCount => B:13, W:12"
1046,B,61,"FinalCount => B:14, W:11"
1047,B,59,"FinalCount => B:15, W:10"
1048,W,66,"FinalCount => B:12, W:13"
1049,B,59,"FinalCount => B:13, W:12"
1050,W,63,"FinalCount => B:12, W:13"
1051,B,52,"FinalCount => B:13, W:12"
1052,B,59,"FinalCount => B:13, W:12"
1053,W,63,"FinalCount => B:12, W:13"
1054,W,66,"FinalCount => B:12, W:13"
1055,W,63,"FinalCount => B:12, W:13"
1056,B,59,"FinalCount => B:13, W:12"
1057,B,59,"FinalCount => B:13, W:12"
1058,W,66,"FinalCount => B:12, W:13"
1059,W,66,"FinalCount => B:12, W:13"
1060,B,59,"FinalCount => B:13, W:12"
1061,B,59,"FinalCount => B:13, W:12"
1062,W,66,"FinalCount => B:12, W:13"
1063,W,66,"FinalCount => B:12, W:13"
1064,W,66,"FinalCount => B:12, W:13"
1065,B,56,"FinalCount => B:13, W:12"
1066,W,66,"FinalCount => B:12, W:13"
1067,B,59,"FinalCount => B:13, W:12"
1068,B,61,"FinalCount => B:14, W:11"
1069,W,62,"FinalCount => B:10, W:15"
1070,B,56,"FinalCount => B:13, W:12"
1071,B,59,"FinalCount => B:13, W:12"
1072,W,62,"FinalCount => B:10, W:15"
1073,B,55,"FinalCount => B:14, W:11"
1074,B,56,"FinalCount => B:13, W:12"
1075,W,62,"FinalCount => B:11, W:14"
1076,W,66,"FinalCount => B:12, W:13"
1077,B,59,"FinalCount => B:13, W:12"
1078,B,59,"FinalCount => B:13, W:12"
1079,B,59,"FinalCount => B:13, W:12"
1080,B,59,"FinalCount => B:15, W:10"
1081,B,61,"FinalCount => B:14, W:11"
1082,B,56,"FinalCount => B:13, W:12"
1083,B,61,"FinalCount => B:14, W:11"
1084,W,66,"FinalCount => B:12, W:13"
1085,B,59,"FinalCount => B:13, W:12"
1086,B,56,"FinalCount => B:13, W:12"
1087,B,52,"FinalCount => B:13, W:12"
1088,W,62,"FinalCount => B:11, W:14"
1089,W,66,"FinalCount => B:12, W:13"
1090,W,63,"FinalCount => B:12, W:13"
1091,W,66,"FinalCount => B:12, W:13"
1092,W,63,"FinalCount => B:12, W:13"
1093,B,59,"FinalCount => B:13, W:12"
1094,W,66,"FinalCount => B:12, W:13"
1095,W,63,"FinalCount => B:12, W:13"
1096,B,56,"FinalCount => B:13, W:12"
1097,W,63,"FinalCount => B:12, W:13"
1098,W,66,"FinalCount => B:12, W:13"
1099,B,59,"FinalCount => B:15, W:10"
1100,W,66,"FinalCount => B:12, W:13"
1101,W,66,"FinalCount => B:12, W:13"
1102,W,66,"FinalCount => B:12, W:13"
1103,W,63,"FinalCount => B:12, W:13"
1104,W,63,"FinalCount => B:12, W:13"
1105,B,61,"FinalCount => B:14, W:11"
1106,W,66,"FinalCount => B:12, W:13"
1107,B,59,"FinalCount => B:13, W:12"
1108,W,62,"FinalCount => B:10, W:15"
1109,B,61,"FinalCount => B:14, W:11"
1110,B,56,"FinalCount => B:13, W:12"
1111,B,59,"FinalCount => B:13, W:12"
1112,B,68,"FinalCount => B:13, W:12"
1113,W,63,"FinalCount => B:12, W:13"
1114,W,63,"FinalCount => B:12, W:13"
1115,B,52,"FinalCount => B:13, W:12"
1116,W,66,"FinalCount => B:12, W:13"
1117,B,68,"FinalCount => B:13, W:12"
1118,W,66,"FinalCount => B:12, W:13"
1119,B,61,"FinalCount => B:15, W:10"
1120,W,66,"FinalCount => B:12, W:13"
1121,W,66,"FinalCount => B:12, W:13"
1122,B,59,"FinalCount => B:13, W:12"
1123,W,62,"FinalCount => B:10, W:15"
1124,W,66,"FinalCount => B:12, W:13"
1125,B,59,"FinalCount => B:15, W:10"
1126,B,55,"FinalCount => B:14, W:11"
1127,B,55,"FinalCount => B:14, W:11"
1128,W,63,"FinalCount => B:12, W:13"
1129,B,59,"FinalCount => B:13, W:12"
1130,B,59,"FinalCount => B:13, W:12"
1131,B,61,"FinalCount => B:15, W:10"
1132,B,59,"FinalCount => B:13, W:12"
1133,B,61,"FinalCount => B:14, W:11"
1134,B,59,"FinalCount => B:13, W:12"
1135,B,61,"FinalCount => B:14, W:11"
1136,B,52,"FinalCount => B:13, W:12"
1137,B,59,"FinalCount => B:15, W:10"
1138,W,63,"FinalCount => B:12, W:13"
1139,B,59,"FinalCount => B:13, W:12"
1140,B,68,"FinalCount => B:13, W:12"
1141,B,59,"FinalCount => B:15, W:10"
1142,W,63,"FinalCount => B:12, W:13"
1143,W,62,"FinalCount => B:11, W:14"
1144,W,62,"FinalCount => B:10, W:15"
1145,B,61,"FinalCount => B:15, W:10"
1146,B,59,"FinalCount => B:13, W:12"
1147,W,66,"FinalCount => B:12, W:13"
1148,B,59,"FinalCount => B:13, W:12"
1149,W,66,"FinalCount => B:12, W:13"
1150,B,61,"FinalCount => B:14, W:11"
1151,W,63,"FinalCount => B:12, W:13"
1152,W,63,"FinalCount => B:12, W:13"
1153,B,59,"FinalCount => B:15, W:10"
1154,W,66,"FinalCount => B:12, W:13"
1155,W,66,"FinalCount => B:12, W:13"
1156,W,66,"FinalCount => B:12, W:13"
1157,B,59,"FinalCount => B:13, W:12"
1158,B,52,"FinalCount => B:13, W:12"
1159,W,66,"FinalCount => B:12, W:13"
1160,W,63,"FinalCount => B:12, W:13"
1161,B,59,"FinalCount => B:13, W:12"
1162,B,68,"FinalCount => B:13, W:12"
1163,B,59,"FinalCount => B:13, W:12"
1164,B,59,"FinalCount => B:13, W:12"
1165,B,61,"FinalCount => B:14, W:11"
1166,W,66,"FinalCount => B:12, W:13"
1167,B,68,"FinalCount => B:13, W:12"
1168,B,59,"FinalCount => B:13, W:12"
1169,W,62,"FinalCount => B:11, W:14"
1170,W,63,"FinalCount => B:12, W:13"
1171,W,63,"FinalCount => B:12, W:13"
1172,W,66,"FinalCount => B:12, W:13"
1173,B,55,"FinalCount => B:14, W:11"
1174,W,66,"FinalCount => B:12, W:13"
1175,W,66,"FinalCount => B:12, W:13"
1176,B,59,"FinalCount => B:13, W:12"
1177,B,55,"FinalCount => B:14, W:11"
1178,B,61,"FinalCount => B:14, W:11"
1179,B,59,"FinalCount => B:13, W:12"
1180,B,61,"FinalCount => B:14, W:11"
1181,W,63,"FinalCount => B:12, W:13"
1182,B,61,"FinalCount => B:14, W:11"
1183,B,55,"FinalCount => B:14, W:11"
1184,B,68,"FinalCount => B:13, W:12"
1185,B,59,"FinalCount => B:13, W:12"
1186,B,68,"FinalCount => B:13, W:12"
1187,W,62,"FinalCount => B:10, W:15"
1188,W,66,"FinalCount => B:12, W:13"
1189,B,59,"FinalCount => B:13, W:12"
1190,B,68,"FinalCount => B:13, W:12"
1191,B,59,"FinalCount => B:13, W:12"
1192,B,61,"FinalCount => B:14, W:11"
1193,B,59,"FinalCount => B:13, W:12"
1194,B,59,"FinalCount => B:13, W:12"
1195,W,66,"FinalCount => B:12, W:13"
1196,W,62,"FinalCount => B:10, W:15"
1197,B,56,"FinalCount => B:13, W:12"
1198,W,66,"FinalCount => B:12, W:13"
1199,W,63,"FinalCount => B:12, W:13"
1200,B,68,"FinalCount => B:13, W:12"
1201,W,62,"FinalCount => B:10, W:15"
1202,B,59,"FinalCount => B:13, W:12"
1203,W,63,"FinalCount => B:12, W:13"
1204,B,52,"FinalCount => B:13, W:12"
1205,B,59,"FinalCount => B:13, W:12"
1206,B,68,"FinalCount => B:13, W:12"
1207,W,66,"FinalCount => B:12, W:13"
1208,B,61,"FinalCount => B:14, W:11"
1209,B,59,"FinalCount => B:13, W:12"
1210,W,63,"FinalCount => B:12, W:13"
1211,W,63,"FinalCount => B:12, W:13"
1212,B,56,"FinalCount => B:13, W:12"
1213,W,66,"FinalCount => B:12, W:13"
1214,B,52,"FinalCount => B:13, W:12"
1215,B,59,"FinalCount => B:13, W:12"
1216,B,55,"FinalCount => B:14, W:11"
1217,B,59,"FinalCount => B:13, W:12"
1218,B,61,"FinalCount => B:14, W:11"
1219,W,63,"FinalCount => B:12, W:13"
1220,B,59,"FinalCount => B:13, W:12"
1221,B,59,"FinalCount => B:13, W:12"
1222,B,59,"FinalCount => B:13, W:12"
1223,B,52,"FinalCount => B:13, W:12"
1224,W,66,"FinalCount => B:12, W:13"
1225,W,62,"FinalCount => B:10, W:15"
1226,W,62,"FinalCount => B:10, W:15"
1227,W,66,"FinalCount => B:12, W:13"
1228,W,66,"FinalCount => B:12, W:13"
1229,B,55,"FinalCount => B:14, W:11"
1230,B,59,"FinalCount => B:13, W:12"
1231,B,56,"FinalCount => B:13, W:12"
1232,B,61,"FinalCount => B:15, W:10"
1233,B,61,"FinalCount => B:14, W:11"
1234,B,52,"FinalCount => B:13, W:12"
1235,B,59,"FinalCount => B:13, W:12"
1236,B,56,"FinalCount => B:13, W:12"
1237,B,61,"FinalCount => B:14, W:11"
1238,W,63,"FinalCount => B:12, W:13"
1239,B,59,"FinalCount => B:13, W:12"
1240,B,68,"FinalCount => B:13, W:12"
1241,B,59,"FinalCount => B:13, W:12"
1242,B,52,"FinalCount => B:13, W:12"
1243,B,61,"FinalCount => B:15, W:10"
1244,B,59,"FinalCount => B:13, W:12"
1245,B,59,"FinalCount => B:15, W:10"
1246,B,55,"FinalCount => B:14, W:11"
1247,B,68,"FinalCount => B:13, W:12"
1248,B,59,"FinalCount => B:13, W:12"
1249,B,59,"FinalCount => B:15, W:10"
1250,B,59,"FinalCount => B:13, W:12"
1251,B,59,"FinalCount => B:13, W:12"
1252,B,68,"FinalCount => B:13, W:12"
1253,B,55,"FinalCount => B:14, W:11"
1254,W,62,"FinalCount => B:11, W:14"
1255,B,59,"FinalCount => B:13, W:12"
1256,B,68,"FinalCount => B:13, W:12"
1257,W,62,"FinalCount => B:10, W:15"
1258,W,66,"FinalCount => B:12, W:13"
1259,B,59,"FinalCount => B:15, W:10"
1260,B,61,"FinalCount => B:14, W:11"
1261,W,62,"FinalCount => B:11, W:14"
1262,W,62,"FinalCount => B:10, W:15"
1263,W,66,"FinalCount => B:12, W:13"
1264,B,59,"FinalCount => B:13, W:12"
1265,B,59,"FinalCount => B:15, W:10"
1266,W,66,"FinalCount => B:12, W:13"
1267,B,59,"FinalCount => B:13, W:12"
1268,B,61,"FinalCount => B:15, W:10"
1269,B,59,"FinalCount => B:13, W:12"
1270,B,56,"FinalCount => B:13, W:12"
1271,B,59,"FinalCount => B:13, W:12"
1272,B,59,"FinalCount => B:13, W:12"
1273,W,66,"FinalCount => B:12, W:13"
1274,B,68,"FinalCount => B:13, W:12"
1275,B,59,"FinalCount => B:13, W:12"
1276,B,59,"FinalCount => B:13, W:12"
1277,B,59,"FinalCount => B:13, W:12"
1278,B,61,"FinalCount => B:14, W:11"
1279,B,61,"FinalCount => B:14, W:11"
1280,W,66,"FinalCount => B:12, W:13"
1281,W,66,"FinalCount => B:12, W:13"
1282,B,68,"FinalCount => B:13, W:12"
1283,W,63,"FinalCount => B:12, W:13"
1284,W,66,"FinalCount => B:12, W:13"
1285,B,59,"FinalCount => B:13, W:12"
1286,B,59,"FinalCount => B:13, W:12"
1287,B,59,"FinalCount => B:13, W:12"
1288,B,56,"FinalCount => B:13, W:12"
1289,B,56,"FinalCount => B:13, W:12"
1290,B,59,"FinalCount => B:13, W:12"
1291,W,62,"FinalCount => B:11, W:14"
1292,W,66,"FinalCount => B:12, W:13"
1293,B,68,"FinalCount => B:13, W:12"
1294,B,68,"FinalCount => B:13, W:12"
1295,W,66,"FinalCount => B:12, W:13"
1296,B,52,"FinalCount => B:13, W:12"
1297,B,59,"FinalCount => B:13, W:12"
1298,W,66,"FinalCount => B:12, W:13"
1299,B,59,"FinalCount => B:15, W:10"
1300,B,55,"FinalCount => B:14, W:11"
1301,W,63,"FinalCount => B:12, W:13"
1302,W,63,"FinalCount => B:12, W:13"
1303,B,52,"FinalCount => B:13, W:12"
1304,B,68,"FinalCount => B:13, W:12"
1305,B,59,"FinalCount => B:13, W:12"
1306,B,52,"FinalCount => B:13, W:12"
1307,B,55,"FinalCount => B:14, W:11"
1308,B,59,"FinalCount => B:13, W:12"
1309,W,62,"FinalCount => B:10, W:15"
1310,W,66,"FinalCount => B:12, W:13"
1311,B,68,"FinalCount => B:13, W:12"
1312,W,66,"FinalCount => B:12, W:13"
1313,B,59,"FinalCount => B:15, W:10"
1314,W,66,"FinalCount => B:12, W:13"
1315,B,59,"FinalCount => B:13, W:12"
1316,B,59,"FinalCount => B:13, W:12"
1317,W,63,"FinalCount => B:12, W:13"
1318,W,63,"FinalCount => B:12, W:13"
1319,B,59,"FinalCount => B:13, W:12"
1320,B,61,"FinalCount => B:15, W:10"
1321,B,61,"FinalCount => B:15, W:10"
1322,B,61,"FinalCount => B:14, W:11"
1323,B,59,"FinalCount => B:13, W:12"
1324,B,68,"FinalCount => B:13, W:12"
1325,B,68,"FinalCount => B:13, W:12"
1326,B,61,"FinalCount => B:14, W:11"
1327,W,66,"FinalCount => B:12, W:13"
1328,B,59,"FinalCount => B:13, W:12"
1329,W,66,"FinalCount => B:12, W:13"
1330,B,61,"FinalCount => B:15, W:10"
1331,B,59,"FinalCount => B:13, W:12"
1332,B,59,"FinalCount => B:13, W:12"
1333,B,59,"FinalCount => B:13, W:12"
1334,B,68,"FinalCount => B:13, W:12"
1335,B,55,"FinalCount => B:14, W:11"
1336,B,59,"FinalCount => B:13, W:12"
1337,W,66,"FinalCount => B:12, W:13"
1338,B,59,"FinalCount => B:13, W:12"
1339,B,56,"FinalCount => B:13, W:12"
1340,W,63,"FinalCount => B:12, W:13"
1341,B,61,"FinalCount => B:14, W:11"
1342,W,63,"FinalCount => B:12, W:13"
1343,B,59,"FinalCount => B:13, W:12"
1344,B,59,"FinalCount => B:15, W:10"
1345,W,66,"FinalCount => B:12, W:13"
1346,W,62,"FinalCount => B:11, W:14"
1347,W,63,"FinalCount => B:12, W:13"
1348,B,59,"FinalCount => B:13, W:12"
1349,W,66,"FinalCount => B:12, W:13"
1350,B,59,"FinalCount => B:13, W:12"
1351,B,59,"FinalCount => B:15, W:10"
1352,B,59,"FinalCount => B:15, W:10"
1353,W,66,"FinalCount => B:12, W:13"
1354,W,66,"FinalCount => B:12, W:13"
1355,W,66,"FinalCount => B:12, W:13"
1356,W,63,"FinalCount => B:12, W:13"
1357,B,55,"FinalCount => B:14, W:11"
1358,B,59,"FinalCount => B:13, W:12"
1359,B,68,"FinalCount => B:13, W:12"
1360,B,59,"FinalCount => B:13, W:12"
1361,B,59,"FinalCount => B:13, W:12"
1362,W,66,"FinalCount => B:12, W:13"
1363,B,59,"FinalCount => B:13, W:12"
1364,W,63,"FinalCount => B:12, W:13"
1365,W,66,"FinalCount => B:12, W:13"
1366,W,62,"FinalCount => B:10, W:15"
1367,W,63,"FinalCount => B:12, W:13"
1368,B,59,"FinalCount => B:13, W:12"
1369,B,59,"FinalCount => B:13, W:12"
1370,B,55,"FinalCount => B:14, W:11"
1371,W,62,"FinalCount => B:10, W:15"
1372,W,63,"FinalCount => B:12, W:13"
1373,B,56,"FinalCount => B:13, W:12"
1374,W,62,"FinalCount => B:10, W:15"
1375,W,62,"FinalCount => B:11, W:14"
1376,W,62,"FinalCount => B:10, W:15"
1377,B,59,"FinalCount => B:13, W:12"
1378,B,59,"FinalCount => B:13, W:12"
1379,B,59,"FinalCount => B:15, W:10"
1380,B,59,"FinalCount => B:13, W:12"
1381,W,66,"FinalCount => B:12, W:13"
1382,B,61,"FinalCount => B:14, W:11"
1383,W,66,"FinalCount => B:12, W:13"
1384,B,59,"FinalCount => B:13, W:12"
1385,B,56,"FinalCount => B:13, W:12"
1386,B,68,"FinalCount => B:13, W:12"
1387,W,66,"FinalCount => B:12, W:13"
1388,B,68,"FinalCount => B:13, W:12"
1389,W,63,"FinalCount => B:12, W:13"
1390,B,59,"FinalCount => B:13, W:12"
1391,B,59,"FinalCount => B:13, W:12"
1392,B,59,"FinalCount => B:13, W:12"
1393,B,61,"FinalCount => B:14, W:11"
1394,B,59,"FinalCount => B:13, W:12"
1395,W,63,"FinalCount => B:12, W:13"
1396,W,63,"FinalCount => B:12, W:13"
1397,B,61,"FinalCount => B:14, W:11"
1398,B,56,"FinalCount => B:13, W:12"
1399,B,59,"FinalCount => B:15, W:10"
1400,B,55,"FinalCount => B:14, W:11"
1401,B,56,"FinalCount => B:13, W:12"
1402,B,61,"FinalCount => B:14, W:11"
1403,B,55,"FinalCount => B:14, W:11"
1404,B,59,"FinalCount => B:13, W:12"
1405,B,59,"FinalCount => B:13, W:12"
1406,W,66,"FinalCount => B:12, W:13"
1407,B,56,"FinalCount => B:13, W:12"
1408,B,59,"FinalCount => B:15, W:10"
1409,B,59,"FinalCount => B:13, W:12"
1410,B,59,"FinalCount => B:13, W:12"
1411,W,63,"FinalCount => B:12, W:13"
1412,W,62,"FinalCount => B:11, W:14"
1413,B,59,"FinalCount => B:13, W:12"
1414,W,62,"FinalCount => B:10, W:15"
1415,W,63,"FinalCount => B:12, W:13"
1416,B,59,"FinalCount => B:13, W:12"
1417,B,59,"FinalCount => B:13, W:12"
1418,B,59,"FinalCount => B:13, W:12"
1419,B,55,"FinalCount => B:14, W:11"
1420,W,62,"FinalCount => B:10, W:15"
1421,B,52,"FinalCount => B:13, W:12"
1422,W,62,"FinalCount => B:10, W:15"
1423,B,59,"FinalCount => B:15, W:10"
1424,B,59,"FinalCount => B:13, W:12"
1425,B,59,"FinalCount => B:13, W:12"
1426,W,63,"FinalCount => B:12, W:13"
1427,W,63,"FinalCount => B:12, W:13"
1428,B,59,"FinalCount => B:13, W:12"
1429,B,59,"FinalCount => B:13, W:12"
1430,B,59,"FinalCount => B:13, W:12"
1431,B,59,"FinalCount => B:13, W:12"
1432,W,62,"FinalCount => B:11, W:14"
1433,B,59,"FinalCount => B:13, W:12"
1434,W,66,"FinalCount => B:12, W:13"
1435,B,61,"FinalCount => B:15, W:10"
1436,B,68,"FinalCount => B:13, W:12"
1437,W,62,"FinalCount => B:11, W:14"
1438,B,55,"FinalCount => B:14, W:11"
1439,B,52,"FinalCount => B:13, W:12"
1440,B,61,"FinalCount => B:14, W:11"
1441,W,66,"FinalCount => B:12, W:13"
1442,W,63,"FinalCount => B:12, W:13"
1443,B,56,"FinalCount => B:13, W:12"
1444,B,59,"FinalCount => B:13, W:12"
1445,B,68,"FinalCount => B:13, W:12"
1446,B,59,"FinalCount => B:13, W:12"
1447,B,59,"FinalCount => B:13, W:12"
1448,B,61,"FinalCount => B:15, W:10"
1449,W,66,"FinalCount => B:12, W:13"
1450,B,59,"FinalCount => B:15, W:10"
1451,B,68,"FinalCount => B:13, W:12"
1452,B,61,"FinalCount => B:15, W:10"
1453,W,63,"FinalCount => B:12, W:13"
1454,B,52,"FinalCount => B:13, W:12"
1455,W,63,"FinalCount => B:12, W:13"
1456,B,55,"FinalCount => B:14, W:11"
1457,B,59,"FinalCount => B:15, W:10"
1458,B,56,"FinalCount => B:13, W:12"
1459,B,55,"FinalCount => B:14, W:11"
1460,B,56,"FinalCount => B:13, W:12"
1461,W,66,"FinalCount => B:12, W:13"
1462,B,55,"FinalCount => B:14, W:11"
1463,B,59,"FinalCount => B:13, W:12"
1464,W,63,"FinalCount => B:12, W:13"
1465,W,66,"FinalCount => B:12, W:13"
1466,B,59,"FinalCount => B:15, W:10"
1467,B,59,"FinalCount => B:13, W:12"
1468,W,63,"FinalCount => B:12, W:13"
1469,B,59,"FinalCount => B:13, W:12"
1470,B,59,"FinalCount => B:13, W:12"
1471,W,66,"FinalCount => B:12, W:13"
1472,B,55,"FinalCount => B:14, W:11"
1473,W,62,"FinalCount => B:11, W:14"
1474,B,59,"FinalCount => B:13, W:12"
1475,B,59,"FinalCount => B:13, W:12"
1476,B,56,"FinalCount => B:13, W:12"
1477,W,63,"FinalCount => B:12, W:13"
1478,W,66,"FinalCount => B:12, W:13"
1479,B,61,"FinalCount => B:14, W:11"
1480,W,63,"FinalCount => B:12, W:13"
1481,B,61,"FinalCount => B:14, W:11"
1482,W,63,"FinalCount => B:12, W:13"
1483,W,66,"FinalCount => B:12, W:13"
1484,W,63,"FinalCount => B:12, W:13"
1485,W,66,"FinalCount => B:12, W:13"
1486,W,62,"FinalCount => B:10, W:15"
1487,W,63,"FinalCount => B:12, W:13"
1488,W,63,"FinalCount => B:12, W:13"
1489,B,59,"FinalCount => B:13, W:12"
1490,B,59,"FinalCount => B:13, W:12"
1491,W,66,"FinalCount => B:12, W:13"
1492,W,66,"FinalCount => B:12, W:13"
1493,W,62,"FinalCount => B:11, W:14"
1494,B,59,"FinalCount => B:13, W:12"
1495,W,62,"FinalCount => B:10, W:15"
1496,B,59,"FinalCount => B:13, W:12"
1497,B,59,"FinalCount => B:13, W:12"
1498,W,66,"FinalCount => B:12, W:13"
1499,W,66,"FinalCount => B:12, W:13"
1500,B,61,"FinalCount => B:14, W:11"
1501,B,59,"FinalCount => B:13, W:12"
1502,W,66,"FinalCount => B:12, W:13"
1503,B,56,"FinalCount => B:13, W:12"
1504,W,62,"FinalCount => B:11, W:14"
1505,B,68,"FinalCount => B:13, W:12"
1506,W,63,"FinalCount => B:12, W:13"
1507,W,66,"FinalCount => B:12, W:13"
1508,B,61,"FinalCount => B:15, W:10"
1509,B,61,"FinalCount => B:14, W:11"
1510,W,63,"FinalCount => B:12, W:13"
1511,W,62,"FinalCount => B:11, W:14"
1512,W,66,"FinalCount => B:12, W:13"
1513,W,66,"FinalCount => B:12, W:13"
1514,B,59,"FinalCount => B:13, W:12"
1515,B,61,"FinalCount => B:14, W:11"
1516,B,68,"FinalCount => B:13, W:12"
1517,B,59,"FinalCount => B:13, W:12"
1518,W,63,"FinalCount => B:12, W:13"
1519,B,55,"FinalCount => B:14, W:11"
1520,B,59,"FinalCount => B:13, W:12"
1521,W,66,"FinalCount => B:12, W:13"
1522,B,59,"FinalCount => B:13, W:12"
1523,W,62,"FinalCount => B:10, W:15"
1524,W,66,"FinalCount => B:12, W:13"
1525,W,66,"FinalCount => B:12, W:13"
1526,B,61,"FinalCount => B:14, W:11"
1527,B,56,"FinalCount => B:13, W:12"
1528,B,61,"FinalCount => B:14, W:11"
1529,W,66,"FinalCount => B:12, W:13"
1530,W,66,"FinalCount => B:12, W:13"
1531,W,63,"FinalCount => B:12, W:13"
1532,W,62,"FinalCount => B:11, W:14"
1533,W,62,"FinalCount => B:10, W:15"
1534,B,61,"FinalCount => B:14, W:11"
1535,B,59,"FinalCount => B:13, W:12"
1536,W,62,"FinalCount => B:11, W:14"
1537,W,66,"FinalCount => B:12, W:13"
1538,W,63,"FinalCount => B:12, W:13"
1539,W,63,"FinalCount => B:12, W:13"
1540,B,56,"FinalCount => B:13, W:12"
1541,W,63,"FinalCount => B:12, W:13"
1542,B,61,"FinalCount => B:15, W:10"
1543,W,62,"FinalCount => B:10, W:15"
1544,B,59,"FinalCount => B:15, W:10"
1545,B,59,"FinalCount => B:13, W:12"
1546,B,61,"FinalCount => B:15, W:10"
1547,B,68,"FinalCount => B:13, W:12"
1548,W,62,"FinalCount => B:11, W:14"
1549,B,59,"FinalCount => B:13, W:12"
1550,B,55,"FinalCount => B:14, W:11"
1551,W,66,"FinalCount => B:12, W:13"
1552,B,61,"FinalCount => B:14, W:11"
1553,W,66,"FinalCount => B:12, W:13"
1554,W,66,"FinalCount => B:12, W:13"
1555,W,63,"FinalCount => B:12, W:13"
1556,W,63,"FinalCount => B:12, W:13"
1557,W,63,"FinalCount => B:12, W:13"
1558,B,52,"FinalCount => B:13, W:12"
1559,W,66,"FinalCount => B:12, W:13"
1560,W,66,"FinalCount => B:12, W:13"
1561,W,66,"FinalCount => B:12, W:13"
1562,W,66,"FinalCount => B:12, W:13"
1563,B,59,"FinalCount => B:13, W:12"
1564,B,59,"FinalCount => B:13, W:12"
1565,W,62,"FinalCount => B:10, W:15"
1566,W,63,"FinalCount => B:12, W:13"
1567,B,68,"FinalCount => B:13, W:12"
1568,B,52,"FinalCount => B:13, W:12"
1569,W,63,"FinalCount => B:12, W:13"
1570,W,66,"FinalCount => B:12, W:13"
1571,B,61,"FinalCount => B:15, W:10"
1572,B,59,"FinalCount => B:13, W:12"
1573,W,66,"FinalCount => B:12, W:13"
1574,B,61,"FinalCount => B:15, W:10"
1575,W,63,"FinalCount => B:12, W:13"
1576,B,55,"FinalCount => B:14, W:11"
1577,W,63,"FinalCount => B:12, W:13"
1578,W,66,"FinalCount => B:12, W:13"
1579,W,63,"FinalCount => B:12, W:13"
1580,W,62,"FinalCount => B:10, W:15"
1581,W,66,"FinalCount => B:12, W:13"
1582,W,66,"FinalCount => B:12, W:13"
1583,W,66,"FinalCount => B:12, W:13"
1584,B,59,"FinalCount => B:13, W:12"
1585,B,68,"FinalCount => B:13, W:12"
1586,W,63,"FinalCount => B:12, W:13"
1587,B,52,"FinalCount => B:13, W:12"
1588,W,63,"FinalCount => B:12, W:13"
1589,W,62,"FinalCount => B:10, W:15"
1590,W,62,"FinalCount => B:11, W:14"
1591,W,66,"FinalCount => B:12, W:13"
1592,W,66,"FinalCount => B:12, W:13"
1593,W,66,"FinalCount => B:12, W:13"
1594,B,59,"FinalCount => B:13, W:12"
1595,W,63,"FinalCount => B:12, W:13"
1596,B,59,"FinalCount => B:13, W:12"
1597,W,66,"FinalCount => B:12, W:13"
1598,B,61,"FinalCount => B:14, W:11"
1599,W,66,"FinalCount => B:12, W:13"
1600,B,59,"FinalCount => B:15, W:10"
1601,B,59,"FinalCount => B:13, W:12"
1602,W,62,"FinalCount => B:11, W:14"
1603,B,52,"FinalCount => B:13, W:12"
1604,B,59,"FinalCount => B:13, W:12"
1605,W,66,"FinalCount => B:12, W:13"
1606,W,62,"FinalCount => B:10, W:15"
1607,B,55,"FinalCount => B:14, W:11"
1608,W,66,"FinalCount => B:12, W:13"
1609,W,66,"FinalCount => B:12, W:13"
1610,B,59,"FinalCount => B:13, W:12"
1611,B,55,"FinalCount => B:14, W:11"
1612,W,62,"FinalCount => B:10, W:15"
1613,B,59,"FinalCount => B:13, W:12"
1614,B,68,"FinalCount => B:13, W:12"
1615,B,55,"FinalCount => B:14, W:11"
1616,B,59,"FinalCount => B:13, W:12"
1617,B,59,"FinalCount => B:13, W:12"
1618,B,56,"FinalCount => B:13, W:12"
1619,W,66,"FinalCount => B:12, W:13"
1620,W,66,"FinalCount => B:12, W:13"
1621,B,61,"FinalCount => B:14, W:11"
1622,B,59,"FinalCount => B:13, W:12"
1623,B,61,"FinalCount => B:14, W:11"
1624,B,61,"FinalCount => B:15, W:10"
1625,B,68,"FinalCount => B:13, W:12"
1626,W,66,"FinalCount => B:12, W:13"
1627,B,59,"FinalCount => B:13, W:12"
1628,W,66,"FinalCount => B:12, W:13"
1629,B,59,"FinalCount => B:13, W:12"
1630,W,62,"FinalCount => B:10, W:15"
1631,B,55,"FinalCount => B:14, W:11"
1632,W,63,"FinalCount => B:12, W:13"
1633,B,59,"FinalCount => B:13, W:12"
1634,W,62,"FinalCount => B:10, W:15"
1635,B,59,"FinalCount => B:13, W:12"
1636,B,61,"FinalCount => B:15, W:10"
1637,W,66,"FinalCount => B:12, W:13"
1638,B,68,"FinalCount => B:13, W:12"
1639,B,61,"FinalCount => B:15, W:10"
1640,W,62,"FinalCount => B:11, W:14"
1641,B,59,"FinalCount => B:13, W:12"
1642,B,59,"FinalCount => B:13, W:12"
1643,B,59,"FinalCount => B:13, W:12"
1644,B,59,"FinalCount => B:13, W:12"
1645,B,59,"FinalCount => B:15, W:10"
1646,B,59,"FinalCount => B:13, W:12"
1647,B,59,"FinalCount => B:13, W:12"
1648,B,59,"FinalCount => B:13, W:12"
1649,B,56,"FinalCount => B:13, W:12"
1650,B,59,"FinalCount => B:13, W:12"
1651,B,59,"FinalCount => B:15, W:10"
1652,B,59,"FinalCount => B:15, W:10"
1653,B,59,"FinalCount => B:13, W:12"
1654,W,63,"FinalCount => B:12, W:13"
1655,B,61,"FinalCount => B:15, W:10"
1656,B,52,"FinalCount => B:13, W:12"
1657,W,66,"FinalCount => B:12, W:13"
1658,B,61,"FinalCount => B:15, W:10"
1659,B,56,"FinalCount => B:13, W:12"
1660,B,52,"FinalCount => B:13, W:12"
1661,W,63,"FinalCount => B:12, W:13"
1662,B,59,"FinalCount => B:15, W:10"
1663,B,59,"FinalCount => B:13, W:12"
1664,W,66,"FinalCount => B:12, W:13"
1665,B,59,"FinalCount => B:13, W:12"
1666,B,59,"FinalCount => B:13, W:12"
1667,B,59,"FinalCount => B:15, W:10"
1668,W,66,"FinalCount => B:12, W:13"
1669,B,59,"FinalCount => B:13, W:12"
1670,B,59,"FinalCount => B:13, W:12"
1671,B,59,"FinalCount => B:13, W:12"
1672,W,66,"FinalCount => B:12, W:13"
1673,W,63,"FinalCount => B:12, W:13"
1674,B,61,"FinalCount => B:15, W:10"
1675,B,61,"FinalCount => B:15, W:10"
1676,B,56,"FinalCount => B:13, W:12"
1677,W,66,"FinalCount => B:12, W:13"
1678,B,59,"FinalCount => B:13, W:12"
1679,B,59,"FinalCount => B:13, W:12"
1680,B,61,"FinalCount => B:15, W:10"
1681,B,59,"FinalCount => B:13, W:12"
1682,B,59,"FinalCount => B:13, W:12"
1683,B,59,"FinalCount => B:13, W:12"
1684,W,66,"FinalCount => B:12, W:13"
1685,W,66,"FinalCount => B:12, W:13"
1686,B,59,"FinalCount => B:13, W:12"
1687,B,59,"FinalCount => B:13, W:12"
1688,B,68,"FinalCount => B:13, W:12"
1689,B,59,"FinalCount => B:13, W:12"
1690,B,59,"FinalCount => B:13, W:12"
1691,W,62,"FinalCount => B:11, W:14"
1692,B,68,"FinalCount => B:13, W:12"
1693,B,61,"FinalCount => B:15, W:10"
1694,W,66,"FinalCount => B:12, W:13"
1695,W,66,"FinalCount => B:12, W:13"
1696,B,68,"FinalCount => B:13, W:12"
1697,B,59,"FinalCount => B:13, W:12"
1698,W,66,"FinalCount => B:12, W:13"
1699,B,59,"FinalCount => B:13, W:12"
1700,W,66,"FinalCount => B:12, W:13"
1701,B,68,"FinalCount => B:13, W:12"
1702,W,66,"FinalCount => B:12, W:13"
1703,W,66,"FinalCount => B:12, W:13"
1704,W,66,"FinalCount => B:12, W:13"
1705,B,59,"FinalCount => B:13, W:12"
1706,B,61,"FinalCount => B:15, W:10"
1707,B,68,"FinalCount => B:13, W:12"
1708,B,61,"FinalCount => B:14, W:11"
1709,B,61,"FinalCount => B:14, W:11"
1710,W,66,"FinalCount => B:12, W:13"
1711,W,66,"FinalCount => B:12, W:13"
1712,W,66,"FinalCount => B:12, W:13"
1713,B,61,"FinalCount => B:14, W:11"
1714,B,59,"FinalCount => B:13, W:12"
1715,B,59,"FinalCount => B:13, W:12"
1716,B,59,"FinalCount => B:13, W:12"
1717,B,59,"FinalCount => B:13, W:12"
1718,B,56,"FinalCount => B:13, W:12"
1719,B,61,"FinalCount => B:14, W:11"
1720,W,62,"FinalCount => B:11, W:14"
1721,W,62,"FinalCount => B:11, W:14"
1722,B,59,"FinalCount => B:13, W:12"
1723,B,61,"FinalCount => B:14, W:11"
1724,B,59,"FinalCount => B:13, W:12"
1725,B,61,"FinalCount => B:14, W:11"
1726,W,66,"FinalCount => B:12, W:13"
1727,B,59,"FinalCount => B:13, W:12"
1728,B,59,"FinalCount => B:13, W:12"
1729,B,52,"FinalCount => B:13, W:12"
1730,B,55,"FinalCount => B:14, W:11"
1731,W,66,"FinalCount => B:12, W:13"
1732,W,63,"FinalCount => B:12, W:13"
1733,W,66,"FinalCount => B:12, W:13"
1734,B,59,"FinalCount => B:13, W:12"
1735,W,66,"FinalCount => B:12, W:13"
1736,W,63,"FinalCount => B:12, W:13"
1737,B,68,"FinalCount => B:13, W:12"
1738,B,59,"FinalCount => B:13, W:12"
1739,W,66,"FinalCount => B:12, W:13"
1740,B,61,"FinalCount => B:15, W:10"
1741,B,55,"FinalCount => B:14, W:11"
1742,B,59,"FinalCount => B:15, W:10"
1743,B,61,"FinalCount => B:14, W:11"
1744,W,62,"FinalCount => B:11, W:14"
1745,B,59,"FinalCount => B:13, W:12"
1746,W,62,"FinalCount => B:11, W:14"
1747,B,59,"FinalCount => B:13, W:12"
1748,B,59,"FinalCount => B:13, W:12"
1749,W,62,"FinalCount => B:10, W:15"
1750,B,61,"FinalCount => B:15, W:10"
1751,W,63,"FinalCount => B:12, W:13"
1752,B,56,"FinalCount => B:13, W:12"
1753,B,68,"FinalCount => B:13, W:12"
1754,W,66,"FinalCount => B:12, W:13"
1755,B,61,"FinalCount => B:14, W:11"
1756,B,56,"FinalCount => B:13, W:12"
1757,B,52,"FinalCount => B:13, W:12"
1758,W,66,"FinalCount => B:12, W:13"
1759,W,63,"FinalCount => B:12, W:13"
1760,B,59,"FinalCount => B:13, W:12"
1761,B,56,"FinalCount => B:13, W:12"
1762,W,66,"FinalCount => B:12, W:13"
1763,B,56,"FinalCount => B:13, W:12"
1764,B,59,"FinalCount => B:13, W:12"
1765,B,59,"FinalCount => B:13, W:12"
1766,W,63,"FinalCount => B:12, W:13"
1767,B,56,"FinalCount => B:13, W:12"
1768,B,59,"FinalCount => B:13, W:12"
1769,B,56,"FinalCount => B:13, W:12"
1770,B,59,"FinalCount => B:13, W:12"
1771,W,63,"FinalCount => B:12, W:13"
1772,W,63,"FinalCount => B:12, W:13"
1773,W,63,"FinalCount => B:12, W:13"
1774,W,66,"FinalCount => B:12, W:13"
1775,B,59,"FinalCount => B:13, W:12"
1776,B,68,"FinalCount => B:13, W:12"
1777,B,56,"FinalCount => B:13, W:12"
1778,W,66,"FinalCount => B:12, W:13"
1779,B,61,"FinalCount => B:15, W:10"
1780,W,63,"FinalCount => B:12, W:13"
1781,B,52,"FinalCount => B:13, W:12"
1782,B,55,"FinalCount => B:14, W:11"
1783,B,59,"FinalCount => B:13, W:12"
1784,W,62,"FinalCount => B:11, W:14"
1785,W,63,"FinalCount => B:12, W:13"
1786,W,62,"FinalCount => B:10, W:15"
1787,B,59,"FinalCount => B:13, W:12"
1788,B,68,"FinalCount => B:13, W:12"
1789,W,66,"FinalCount => B:12, W:13"
1790,B,52,"FinalCount => B:13, W:12"
1791,B,52,"FinalCount => B:13, W:12"
1792,B,59,"FinalCount => B:13, W:12"
1793,W,63,"FinalCount => B:12, W:13"
1794,B,59,"FinalCount => B:13, W:12"
1795,W,62,"FinalCount => B:11, W:14"
1796,W,63,"FinalCount => B:12, W:13"
1797,W,63,"FinalCount => B:12, W:13"
1798,B,59,"FinalCount => B:13, W:12"
1799,W,66,"FinalCount => B:12, W:13"
1800,B,61,"FinalCount => B:14, W:11"
1801,B,61,"FinalCount => B:15, W:10"
1802,B,55,"FinalCount => B:14, W:11"
1803,W,66,"FinalCount => B:12, W:13"
1804,W,63,"FinalCount => B:12, W:13"
1805,B,59,"FinalCount => B:13, W:12"
1806,W,66,"FinalCount => B:12, W:13"
1807,B,56,"FinalCount => B:13, W:12"
1808,B,59,"FinalCount => B:13, W:12"
1809,B,59,"FinalCount => B:13, W:12"
1810,B,59,"FinalCount => B:13, W:12"
1811,W,62,"FinalCount => B:10, W:15"
1812,B,61,"FinalCount => B:14, W:11"
1813,B,68,"FinalCount => B:13, W:12"
1814,W,66,"FinalCount => B:12, W:13"
1815,B,59,"FinalCount => B:13, W:12"
1816,B,59,"FinalCount => B:13, W:12"
1817,B,56,"FinalCount => B:13, W:12"
1818,W,63,"FinalCount => B:12, W:13"
1819,B,59,"FinalCount => B:13, W:12"
1820,B,61,"FinalCount => B:14, W:11"
1821,W,66,"FinalCount => B:12, W:13"
1822,W,66,"FinalCount => B:12, W:13"
1823,B,68,"FinalCount => B:13, W:12"
1824,W,62,"FinalCount => B:10, W:15"
1825,W,63,"FinalCount => B:12, W:13"
1826,W,66,"FinalCount => B:12, W:13"
1827,B,56,"FinalCount => B:13, W:12"
1828,B,61,"FinalCount => B:14, W:11"
1829,B,59,"FinalCount => B:15, W:10"
1830,B,61,"FinalCount => B:14, W:11"
1831,W,63,"FinalCount => B:12, W:13"
1832,W,66,"FinalCount => B:12, W:13"
1833,B,55,"FinalCount => B:14, W:11"
1834,B,59,"FinalCount => B:13, W:12"
1835,W,63,"FinalCount => B:12, W:13"
1836,W,66,"FinalCount => B:12, W:13"
1837,B,61,"FinalCount => B:14, W:11"
1838,B,59,"FinalCount => B:13, W:12"
1839,B,59,"FinalCount => B:13, W:12"
1840,W,62,"FinalCount => B:10, W:15"
1841,B,52,"FinalCount => B:13, W:12"
1842,W,63,"FinalCount => B:12, W:13"
1843,B,52,"FinalCount => B:13, W:12"
1844,B,61,"FinalCount => B:14, W:11"
1845,W,66,"FinalCount => B:12, W:13"
1846,B,59,"FinalCount => B:13, W:12"
1847,B,59,"FinalCount => B:13, W:12"
1848,B,61,"FinalCount => B:14, W:11"
1849,B,59,"FinalCount => B:13, W:12"
1850,B,52,"FinalCount => B:13, W:12"
1851,B,61,"FinalCount => B:14, W:11"
1852,W,62,"FinalCount => B:11, W:14"
1853,B,59,"FinalCount => B:13, W:12"
1854,B,59,"FinalCount => B:13, W:12"
1855,W,66,"FinalCount => B:12, W:13"
1856,B,61,"FinalCount => B:15, W:10"
1857,B,59,"FinalCount => B:13, W:12"
1858,W,66,"FinalCount => B:12, W:13"
1859,B,68,"FinalCount => B:13, W:12"
1860,B,59,"FinalCount => B:13, W:12"
1861,B,55,"FinalCount => B:14, W:11"
1862,B,55,"FinalCount => B:14, W:11"
1863,B,59,"FinalCount => B:13, W:12"
1864,B,61,"FinalCount => B:14, W:11"
1865,W,62,"FinalCount => B:10, W:15"
1866,W,63,"FinalCount => B:12, W:13"
1867,B,61,"FinalCount => B:14, W:11"
1868,B,68,"FinalCount => B:13, W:12"
1869,B,52,"FinalCount => B:13, W:12"
1870,W,66,"FinalCount => B:12, W:13"
1871,W,66,"FinalCount => B:12, W:13"
1872,W,63,"FinalCount => B:12, W:13"
1873,W,66,"FinalCount => B:12, W:13"
1874,W,63,"FinalCount => B:12, W:13"
1875,B,59,"FinalCount => B:13, W:12"
1876,W,66,"FinalCount => B:12, W:13"
1877,B,59,"FinalCount => B:15, W:10"
1878,B,61,"FinalCount => B:14, W:11"
1879,W,63,"FinalCount => B:12, W:13"
1880,W,62,"FinalCount => B:11, W:14"
1881,B,59,"FinalCount => B:13, W:12"
1882,W,66,"FinalCount => B:12, W:13"
1883,W,66,"FinalCount => B:12, W:13"
1884,B,59,"FinalCount => B:13, W:12"
1885,B,61,"FinalCount => B:15, W:10"
1886,B,59,"FinalCount => B:13, W:12"
1887,B,61,"FinalCount => B:14, W:11"
1888,B,52,"FinalCount => B:13, W:12"
1889,W,66,"FinalCount => B:12, W:13"
1890,W,63,"FinalCount => B:12, W:13"
1891,B,59,"FinalCount => B:13, W:12"
1892,W,66,"FinalCount => B:12, W:13"
1893,B,59,"FinalCount => B:13, W:12"
1894,B,59,"FinalCount => B:13, W:12"
1895,B,52,"FinalCount => B:13, W:12"
1896,B,59,"FinalCount => B:13, W:12"
1897,W,66,"FinalCount => B:12, W:13"
1898,B,59,"FinalCount => B:13, W:12"
1899,W,66,"FinalCount => B:12, W:13"
1900,W,62,"FinalCount => B:10, W:15"
1901,W,66,"FinalCount => B:12, W:13"
1902,W,66,"FinalCount => B:12, W:13"
1903,B,68,"FinalCount => B:13, W:12"
1904,W,63,"FinalCount => B:12, W:13"
1905,B,59,"FinalCount => B:13, W:12"
1906,W,62,"FinalCount => B:11, W:14"
1907,W,63,"FinalCount => B:12, W:13"
1908,B,68,"FinalCount => B:13, W:12"
1909,W,66,"FinalCount => B:12, W:13"
1910,W,66,"FinalCount => B:12, W:13"
1911,B,68,"FinalCount => B:13, W:12"
1912,B,68,"FinalCount => B:13, W:12"
1913,W,62,"FinalCount => B:10, W:15"
1914,W,66,"FinalCount => B:12, W:13"
1915,W,62,"FinalCount => B:11, W:14"
1916,B,59,"FinalCount => B:13, W:12"
1917,B,61,"FinalCount => B:14, W:11"
1918,B,68,"FinalCount => B:13, W:12"
1919,B,61,"FinalCount => B:15, W:10"
1920,W,66,"FinalCount => B:12, W:13"
1921,W,66,"FinalCount => B:12, W:13"
1922,W,63,"FinalCount => B:12, W:13"
1923,B,59,"FinalCount => B:13, W:12"
1924,W,66,"FinalCount => B:12, W:13"
1925,W,63,"FinalCount => B:12, W:13"
1926,B,59,"FinalCount => B:13, W:12"
1927,W,62,"FinalCount => B:10, W:15"
1928,W,62,"FinalCount => B:11, W:14"
1929,B,59,"FinalCount => B:13, W:12"
1930,W,66,"FinalCount => B:12, W:13"
1931,B,68,"FinalCount => B:13, W:12"
1932,B,59,"FinalCount => B:13, W:12"
1933,B,61,"FinalCount => B:15, W:10"
1934,B,59,"FinalCount => B:15, W:10"
1935,B,59,"FinalCount => B:13, W:12"
1936,B,61,"FinalCount => B:14, W:11"
1937,B,52,"FinalCount => B:13, W:12"
1938,W,63,"FinalCount => B:12, W:13"
1939,W,66,"FinalCount => B:12, W:13"
1940,B,59,"FinalCount => B:13, W:12"
1941,W,66,"FinalCount => B:12, W:13"
1942,W,62,"FinalCount => B:11, W:14"
1943,B,61,"FinalCount => B:14, W:11"
1944,W,66,"FinalCount => B:12, W:13"
1945,B,56,"FinalCount => B:13, W:12"
1946,B,59,"FinalCount => B:13, W:12"
1947,B,52,"FinalCount => B:13, W:12"
1948,B,59,"FinalCount => B:13, W:12"
1949,W,66,"FinalCount => B:12, W:13"
1950,W,66,"FinalCount => B:12, W:13"
1951,W,62,"FinalCount => B:11, W:14"
1952,B,68,"FinalCount => B:13, W:12"
1953,W,62,"FinalCount => B:11, W:14"
1954,W,63,"FinalCount => B:12, W:13"
1955,B,55,"FinalCount => B:14, W:11"
1956,B,68,"FinalCount => B:13, W:12"
1957,B,59,"FinalCount => B:13, W:12"
1958,B,68,"FinalCount => B:13, W:12"
1959,B,61,"FinalCount => B:14, W:11"
1960,W,66,"FinalCount => B:12, W:13"
1961,B,59,"FinalCount => B:13, W:12"
1962,W,66,"FinalCount => B:12, W:13"
1963,W,66,"FinalCount => B:12, W:13"
1964,B,59,"FinalCount => B:13, W:12"
1965,B,61,"FinalCount => B:14, W:11"
1966,B,61,"FinalCount => B:15, W:10"
1967,W,63,"FinalCount => B:12, W:13"
1968,B,61,"FinalCount => B:14, W:11"
1969,B,61,"FinalCount => B:15, W:10"
1970,B,61,"FinalCount => B:14, W:11"
1971,W,66,"FinalCount => B:12, W:13"
1972,B,56,"FinalCount => B:13, W:12"
1973,W,62,"FinalCount => B:10, W:15"
1974,W,66,"FinalCount => B:12, W:13"
1975,B,68,"FinalCount => B:13, W:12"
1976,B,68,"FinalCount => B:13, W:12"
1977,B,59,"FinalCount => B:15, W:10"
1978,W,62,"FinalCount => B:11, W:14"
1979,B,59,"FinalCount => B:13, W:12"
1980,B,55,"FinalCount => B:14, W:11"
1981,B,59,"FinalCount => B:13, W:12"
1982,B,55,"FinalCount => B:14, W:11"
1983,B,56,"FinalCount => B:13, W:12"
1984,B,52,"FinalCount => B:13, W:12"
1985,W,62,"FinalCount => B:11, W:14"
1986,B,59,"FinalCount => B:13, W:12"
1987,W,62,"FinalCount => B:10, W:15"
1988,B,61,"FinalCount => B:14, W:11"
1989,B,68,"FinalCount => B:13, W:12"
1990,B,61,"FinalCount => B:14, W:11"
1991,B,68,"FinalCount => B:13, W:12"
1992,W,62,"FinalCount => B:11, W:14"
1993,W,62,"FinalCount => B:11, W:14"
1994,B,59,"FinalCount => B:15, W:10"
1995,B,59,"FinalCount => B:13, W:12"
1996,B,59,"FinalCount => B:15, W:10"
1997,B,56,"FinalCount => B:13, W:12"
1998,B,59,"FinalCount => B:13, W:12"
1999,W,66,"FinalCount => B:12, W:13"
2000,W,62,"FinalCount => B:10, W:15"
